Sym,Date,Open,High,Low,Close,Volume,Adj Close
GOOG,4/7/2010,567.3,568.75,561.86,563.54,2581000,563.54
GOOG,4/6/2010,569.46,570.89,565.4,568.22,2060100,568.22
GOOG,4/5/2010,570.9,574.88,569,571.01,1901500,571.01
GOOG,4/1/2010,571.35,573.45,565.55,568.8,2102700,568.8
GOOG,3/31/2010,565.05,569.74,562.81,567.12,3030800,567.12
GOOG,3/30/2010,562.83,567.63,560.28,566.71,1977900,566.71
GOOG,3/29/2010,563,564.72,560.57,562.45,3104500,562.45
GOOG,3/26/2010,565.27,567.39,560.02,562.69,2696200,562.69
GOOG,3/25/2010,559.02,572,558.66,562.88,3930900,562.88
GOOG,3/24/2010,545.51,559.85,539.7,557.33,6565200,557.33
GOOG,3/23/2010,557.04,558.31,542,549,5501300,549
GOOG,3/22/2010,556.11,566.85,554.28,557.5,4004800,557.5
GOOG,3/19/2010,566.23,568,557.28,560,4792400,560
GOOG,3/18/2010,564.72,568.44,562.96,566.4,1777200,566.4
GOOG,3/17/2010,568.3,571.45,564.25,565.56,3321600,565.56
GOOG,3/16/2010,561.83,568.42,560.76,565.2,3431500,565.2
GOOG,3/15/2010,566.68,569.45,556,563.18,4653900,563.18
GOOG,3/12/2010,588.14,588.28,579.16,579.54,2753400,579.54
GOOG,3/11/2010,574.26,586.21,574.2,581.14,4233300,581.14
GOOG,3/10/2010,563.76,578.5,562.21,576.45,5654900,576.45
GOOG,3/9/2010,559.85,564.66,556.5,560.19,3176600,560.19
GOOG,3/8/2010,564.78,565.18,561.01,562.48,2386400,562.48
GOOG,3/5/2010,561.35,567.67,559.9,564.21,3912200,564.21
GOOG,3/4/2010,546.5,556.13,546.2,554.59,3183800,554.59
GOOG,3/3/2010,542.36,548.12,539.25,545.32,3089400,545.32
GOOG,3/2/2010,535.48,545.66,535.01,541.06,4356800,541.06
GOOG,3/1/2010,529.2,533.29,527.74,532.69,2237900,532.69
GOOG,2/26/2010,527.42,531.75,523.48,526.8,2049300,526.8
GOOG,2/25/2010,527.12,528.49,520,526.43,3309200,526.43
GOOG,2/24/2010,533.98,538.44,530.51,531.47,2326600,531.47
GOOG,2/23/2010,543,543.63,532.29,535.07,2872600,535.07
GOOG,2/22/2010,547.35,547.5,541,542.8,2144600,542.8
GOOG,2/19/2010,540.53,544.03,539.7,540.76,2553100,540.76
GOOG,2/18/2010,537.54,545.01,536.14,543.22,2336900,543.22
GOOG,2/17/2010,542,543.4,537.61,538.21,2029700,538.21
GOOG,2/16/2010,536.87,544.13,534.3,541.3,3654400,541.3
GOOG,2/12/2010,532.97,537.15,530.5,533.12,2279700,533.12
GOOG,2/11/2010,533.32,540.49,529.5,536.4,2410000,536.4
GOOG,2/10/2010,534.07,537.79,527.69,534.45,2674500,534.45
GOOG,2/9/2010,539.54,541.53,535.07,536.44,2819600,536.44
GOOG,2/8/2010,532.5,542,531.53,533.47,2694300,533.47
GOOG,2/5/2010,528.4,533.5,522.46,531.29,3156000,531.29
GOOG,2/4/2010,537,538,525.56,526.78,3377700,526.78
GOOG,2/3/2010,528.67,542.1,528.23,540.82,2999100,540.82
GOOG,2/2/2010,534.96,534.96,527.61,531.12,4096200,531.12
GOOG,2/1/2010,534.6,535.81,530.3,533.02,2250800,533.02
GOOG,1/29/2010,538.49,540.99,525.61,529.94,4140500,529.94
GOOG,1/28/2010,544.49,547,530.6,534.29,3229100,534.29
GOOG,1/27/2010,541.27,547.65,535.31,542.1,3964400,542.1
GOOG,1/26/2010,537.97,549.6,536.29,542.42,4355500,542.42
GOOG,1/25/2010,546.59,549.88,535.51,540,4419900,540
GOOG,1/22/2010,564.5,570.6,534.86,550.01,6800400,550.01
GOOG,1/21/2010,583.44,586.82,572.25,582.98,6307700,582.98
GOOG,1/20/2010,585.98,585.98,575.29,580.41,3250700,580.41
GOOG,1/19/2010,581.2,590.42,576.29,587.62,4316700,587.62
GOOG,1/15/2010,593.34,593.56,578.04,580,5434500,580
GOOG,1/14/2010,583.9,594.2,582.81,589.85,4240100,589.85
GOOG,1/13/2010,576.49,588.38,573.9,587.09,6496600,587.09
GOOG,1/12/2010,597.65,598.16,588,590.48,4853300,590.48
GOOG,1/11/2010,604.46,604.46,594.04,601.11,7212900,601.11
GOOG,1/8/2010,592,603.25,589.11,602.02,4724300,602.02
GOOG,1/7/2010,609.4,610,592.65,594.1,6414300,594.1
GOOG,1/6/2010,625.86,625.86,606.36,608.26,3978700,608.26
GOOG,1/5/2010,627.18,627.84,621.54,623.99,3004700,623.99
GOOG,1/4/2010,626.95,629.51,624.24,626.75,1956200,626.75
GOOG,12/31/2009,624.75,625.4,619.98,619.98,1219800,619.98
GOOG,12/30/2009,618.5,622.73,618.01,622.73,1465600,622.73
GOOG,12/29/2009,624.74,624.84,618.29,619.4,1424800,619.4
GOOG,12/28/2009,621.66,625.99,618.48,622.87,1697900,622.87
GOOG,12/24/2009,612.93,619.52,612.27,618.48,858700,618.48
GOOG,12/23/2009,603.5,612.87,602.85,611.68,2072700,611.68
GOOG,12/22/2009,601.34,601.5,598.85,601.12,1880800,601.12
GOOG,12/21/2009,597.61,599.84,595.67,598.68,2571200,598.68
GOOG,12/18/2009,596.03,598.93,595,596.42,3531500,596.42
GOOG,12/17/2009,596.44,597.64,593.76,593.94,2638800,593.94
GOOG,12/16/2009,598.6,600.37,596.64,597.76,2809400,597.76
GOOG,12/15/2009,593.3,596.38,590.99,593.14,2280400,593.14
GOOG,12/14/2009,595.35,597.31,592.61,595.73,1913400,595.73
GOOG,12/11/2009,594.68,594.75,587.73,590.51,1720000,590.51
GOOG,12/10/2009,590.44,594.71,590.41,591.5,1668300,591.5
GOOG,12/9/2009,587.5,589.33,583.58,589.02,1781000,589.02
GOOG,12/8/2009,583.5,590.66,582,587.05,1524000,587.05
GOOG,12/7/2009,584.21,588.69,581,586.25,1636200,586.25
GOOG,12/4/2009,593.02,594.83,579.18,585.01,2513600,585.01
GOOG,12/3/2009,589.04,591.45,585,585.74,1428700,585.74
GOOG,12/2/2009,591,593.01,586.22,587.51,1663200,587.51
GOOG,12/1/2009,588.13,591.22,583,589.87,2320300,589.87
GOOG,11/30/2009,580.63,583.67,577.11,583,1725100,583
GOOG,11/27/2009,572,582.46,570.97,579.76,1384600,579.76
GOOG,11/25/2009,586.41,587.06,582.69,585.74,1461200,585.74
GOOG,11/24/2009,582.52,584.29,576.54,583.09,1605200,583.09
GOOG,11/23/2009,576.49,586.6,575.86,582.35,2547500,582.35
GOOG,11/20/2009,569.5,571.6,569.4,569.96,2006200,569.96
GOOG,11/19/2009,573.77,574,570,572.99,2168000,572.99
GOOG,11/18/2009,576.65,578.78,572.07,576.65,1549600,576.65
GOOG,11/17/2009,574.87,577.5,573.72,577.49,1916700,577.49
GOOG,11/16/2009,575,576.99,572.78,576.28,2199200,576.28
GOOG,11/13/2009,569.29,572.51,566.61,572.05,1666800,572.05
GOOG,11/12/2009,569.56,572.9,565.5,567.85,1886300,567.85
GOOG,11/11/2009,570.48,573.5,565.86,570.56,2319700,570.56
GOOG,11/10/2009,562.73,568.78,562,566.76,2230800,566.76
GOOG,11/9/2009,555.45,562.58,554.23,562.51,2649900,562.51
GOOG,11/6/2009,547.72,551.78,545.5,551.1,1826700,551.1
GOOG,11/5/2009,543.49,549.77,542.66,548.65,1847700,548.65
GOOG,11/4/2009,540.8,545.5,536.42,540.33,2332700,540.33
GOOG,11/3/2009,530.01,537.5,528.3,537.29,2380200,537.29
GOOG,11/2/2009,537.08,539.46,528.24,533.99,3202100,533.99
GOOG,10/30/2009,550,550.17,534.24,536.12,3468500,536.12
GOOG,10/29/2009,543.01,551.83,541,551.05,2522600,551.05
GOOG,10/28/2009,547.87,550,538.25,540.3,2567800,540.3
GOOG,10/27/2009,550.97,554.56,544.16,548.29,3216500,548.29
GOOG,10/26/2009,555.75,561.64,550.89,554.21,2970400,554.21
GOOG,10/23/2009,555.25,557.89,551.2,553.69,2392700,553.69
GOOG,10/22/2009,550,555,548,554.09,2336500,554.09
GOOG,10/21/2009,549.91,559.35,549,551.1,3670600,551.1
GOOG,10/20/2009,551.64,552.95,540.7,551.72,4043700,551.72
GOOG,10/19/2009,552.69,553.6,548.73,552.09,3217900,552.09
GOOG,10/16/2009,547.33,554.75,544.53,549.85,8841900,549.85
GOOG,10/15/2009,533.75,536.9,527.27,529.91,6100400,529.91
GOOG,10/14/2009,532.46,535.58,530,535.32,3258400,535.32
GOOG,10/13/2009,524.39,527.46,521.38,526.11,3037400,526.11
GOOG,10/12/2009,523.42,525.76,519.32,524.04,3322200,524.04
GOOG,10/9/2009,516.65,521.51,514.5,516.25,2738100,516.25
GOOG,10/8/2009,519.57,523.25,513.34,514.18,4303800,514.18
GOOG,10/7/2009,499,518.99,497.81,517.54,4874200,517.54
GOOG,10/6/2009,491.7,499.37,491.7,498.74,2732300,498.74
GOOG,10/5/2009,487.65,492.43,483.34,488.52,2144600,488.52
GOOG,10/2/2009,483.74,491.74,482.6,484.58,2600800,484.58
GOOG,10/1/2009,493,496.47,487,487.2,2813200,487.2
GOOG,9/30/2009,500,500.14,487.24,495.85,3141700,495.85
GOOG,9/29/2009,499.53,499.75,493.01,498.53,2099200,498.53
GOOG,9/28/2009,494.84,501.5,493.3,498.53,1839300,498.53
GOOG,9/25/2009,494.29,499.93,492,492.48,2049600,492.48
GOOG,9/24/2009,500.47,501.41,493,496.77,2527600,496.77
GOOG,9/23/2009,500.78,507,497.71,498.46,2704200,498.46
GOOG,9/22/2009,500.92,501.99,497.81,499.06,3041200,499.06
GOOG,9/21/2009,487.74,498.9,486.22,497,2116400,497
GOOG,9/18/2009,496.77,496.98,491.23,491.46,3283500,491.46
GOOG,9/17/2009,490.57,497.37,487.15,491.72,4483100,491.72
GOOG,9/16/2009,479.8,489.37,478.48,488.29,2585300,488.29
GOOG,9/15/2009,475.08,478.91,472.71,477.54,2398100,477.54
GOOG,9/14/2009,470.51,476.8,470.05,475.12,1975700,475.12
GOOG,9/11/2009,470.4,473.3,467.63,472.14,1902900,472.14
GOOG,9/10/2009,466.65,470.94,462,470.94,2534600,470.94
GOOG,9/9/2009,459.06,466.27,458.8,463.97,2195400,463.97
GOOG,9/8/2009,464.29,466.99,455.84,458.62,2656700,458.62
GOOG,9/4/2009,457.57,462.6,455.78,461.3,1499200,461.3
GOOG,9/3/2009,455.82,458.25,455,457.52,1646200,457.52
GOOG,9/2/2009,455.82,458.33,452.59,453.01,1804800,453.01
GOOG,9/1/2009,459.68,466.82,454.42,455.76,2594900,455.76
GOOG,8/31/2009,459.79,461.86,458,461.67,1957900,461.67
GOOG,8/28/2009,469.26,472.37,463.38,464.75,1771600,464.75
GOOG,8/27/2009,468.58,468.58,460.73,466.06,1998900,466.06
GOOG,8/26/2009,472.76,473,466.7,468,1987800,468
GOOG,8/25/2009,469.13,474.35,468.72,471.37,2341000,471.37
GOOG,8/24/2009,467.35,470.09,464.42,468.73,2453400,468.73
GOOG,8/21/2009,465.54,466.09,462.65,465.24,3560500,465.24
GOOG,8/20/2009,452,462.18,451.23,460.41,3998900,460.41
GOOG,8/19/2009,439.99,445,438.56,443.97,2255000,443.97
GOOG,8/18/2009,445.1,447.7,442.32,445.28,2351100,445.28
GOOG,8/17/2009,451.5,451.99,443.12,444.89,2620200,444.89
GOOG,8/14/2009,462.78,463.18,456.89,460,1675100,460
GOOG,8/13/2009,462.15,464.72,458.91,462.28,1995200,462.28
GOOG,8/12/2009,455.41,461.75,454.92,458.58,2341400,458.58
GOOG,8/11/2009,453.67,457.23,452.38,453.94,1712500,453.94
GOOG,8/10/2009,455.14,458.41,453.79,456.61,1742000,456.61
GOOG,8/7/2009,455.67,459.42,454.99,457.1,2543100,457.1
GOOG,8/6/2009,454.3,454.88,448.53,450.36,2110900,450.36
GOOG,8/5/2009,456,456.91,447.88,451.14,2342000,451.14
GOOG,8/4/2009,449.37,454,448.43,453.73,2389800,453.73
GOOG,8/3/2009,448.74,453.9,447.64,452.21,2590300,452.21
GOOG,7/31/2009,449.98,452.7,442.43,443.05,2860400,443.05
GOOG,7/30/2009,442.61,451.47,442.61,445.64,3198600,445.64
GOOG,7/29/2009,437.23,437.8,431.89,436.24,1987000,436.24
GOOG,7/28/2009,441,442.81,436.1,439.85,2532500,439.85
GOOG,7/27/2009,446.04,446.75,437.61,444.8,2504400,444.8
GOOG,7/24/2009,435.81,450.49,435,446.72,3626900,446.72
GOOG,7/23/2009,428.68,441.21,425.5,437.34,3478200,437.34
GOOG,7/22/2009,428,430.2,423.5,427.69,2586700,427.69
GOOG,7/21/2009,430.94,431.9,425.72,427.9,2968200,427.9
GOOG,7/20/2009,429.88,432.85,426.25,430.17,3153500,430.17
GOOG,7/17/2009,433,435.48,426.7,430.25,6854100,430.25
GOOG,7/16/2009,436.68,445.75,434.1,442.6,6554500,442.6
GOOG,7/15/2009,429.66,438.68,428.49,438.17,3777000,438.17
GOOG,7/14/2009,423.71,426.73,420.87,424.69,2895800,424.69
GOOG,7/13/2009,416.17,424.52,415.18,424.3,4045700,424.3
GOOG,7/10/2009,409.58,417.37,408.7,414.4,2926600,414.4
GOOG,7/9/2009,406.12,414.45,405.8,410.39,3275600,410.39
GOOG,7/8/2009,400,406,398.06,402.49,3441200,402.49
GOOG,7/7/2009,408.24,409.19,395.98,396.63,3259300,396.63
GOOG,7/6/2009,406.5,410.64,401.66,409.61,2262600,409.61
GOOG,7/2/2009,415.41,415.41,406.81,408.49,2517600,408.49
GOOG,7/1/2009,424.2,426.4,418.15,418.99,2310800,418.99
GOOG,6/30/2009,424,427.21,418.22,421.59,2593900,421.59
GOOG,6/29/2009,426,427.8,422.24,424.14,2169300,424.14
GOOG,6/26/2009,413.68,428.23,413.11,425.32,3256700,425.32
GOOG,6/25/2009,407,415.9,406.51,415.77,3044500,415.77
GOOG,6/24/2009,408.74,412.23,406.56,409.29,2457800,409.29
GOOG,6/23/2009,406.65,408.99,402.55,405.68,2899600,405.68
GOOG,6/22/2009,416.95,417.49,401.89,407.35,4124400,407.35
GOOG,6/19/2009,418.21,420.46,414.58,420.09,4259100,420.09
GOOG,6/18/2009,415.68,418.69,413,414.06,3085200,414.06
GOOG,6/17/2009,416.19,419.72,411.56,415.16,3490100,415.16
GOOG,6/16/2009,419.31,421.09,415.42,416,3049700,416
GOOG,6/15/2009,421.5,421.5,414,416.77,3736900,416.77
GOOG,6/12/2009,426.86,427.7,421.21,424.84,2918400,424.84
GOOG,6/11/2009,431.77,433.73,428.37,429,2865200,429
GOOG,6/10/2009,436.23,437.89,426.67,432.6,3358900,432.6
GOOG,6/9/2009,438.58,440.5,431.76,435.62,3254900,435.62
GOOG,6/8/2009,439.5,440.92,434.12,438.77,3098700,438.77
GOOG,6/5/2009,445.07,447.34,439.46,444.32,3680800,444.32
GOOG,6/4/2009,435.3,441.24,434.5,440.28,3638100,440.28
GOOG,6/3/2009,426,432.46,424,431.65,3532800,431.65
GOOG,6/2/2009,426.25,429.96,423.4,428.4,2623600,428.4
GOOG,6/1/2009,418.73,429.6,418.53,426.56,3322400,426.56
GOOG,5/29/2009,412.11,417.23,410.7,417.23,2648200,417.23
GOOG,5/28/2009,408.68,411.62,404.61,410.4,2668800,410.4
GOOG,5/27/2009,405.64,411.86,404.81,405.56,3034300,405.56
GOOG,5/26/2009,391.95,405,390,404.36,3104500,404.36
GOOG,5/22/2009,396.66,398.65,392,393.5,1718600,393.5
GOOG,5/21/2009,396.3,402.84,393.84,396.5,2719800,396.5
GOOG,5/20/2009,402.09,405.67,395,397.18,2284000,397.18
GOOG,5/19/2009,396.1,401.64,393,398.88,2837500,398.88
GOOG,5/18/2009,394.73,397.31,385.4,396.84,3351700,396.84
GOOG,5/15/2009,391.1,394.11,389.09,390,3008700,390
GOOG,5/14/2009,388.8,392.21,384.69,387.5,2937000,387.5
GOOG,5/13/2009,394.09,396.39,388.35,389.54,2842800,389.54
GOOG,5/12/2009,410.01,410.99,395.11,399.01,3790800,399.01
GOOG,5/11/2009,402.8,412,401.2,407.98,2559300,407.98
GOOG,5/8/2009,402.85,410.13,395,407.33,3865100,407.33
GOOG,5/7/2009,404.1,404.99,392.5,396.61,2999800,396.61
GOOG,5/6/2009,406.79,408.28,401,403.47,2632900,403.47
GOOG,5/5/2009,399.98,405,397.25,402.99,2400800,402.99
GOOG,5/4/2009,398.17,402.4,394.79,401.98,3203000,401.98
GOOG,5/1/2009,395.03,397.59,391.55,393.69,2427700,393.69
GOOG,4/30/2009,395.76,403.75,394.8,395.97,4355700,395.97
GOOG,4/29/2009,385.97,394.97,385.83,391.47,3610000,391.47
GOOG,4/28/2009,383.75,389.05,381.54,383.71,2943600,383.71
GOOG,4/27/2009,384.34,389.49,382.75,385.95,2290600,385.95
GOOG,4/24/2009,386.05,393.18,380.5,389.49,3385400,389.49
GOOG,4/23/2009,387.51,389.75,381.11,384.69,2609000,384.69
GOOG,4/22/2009,381.75,390,379.01,383.86,3501800,383.86
GOOG,4/21/2009,376.17,384.3,376.1,381.47,3695400,381.47
GOOG,4/20/2009,386.15,390.65,375.89,379.3,4428900,379.3
GOOG,4/17/2009,386.02,399.82,384.81,392.24,10730800,392.24
GOOG,4/16/2009,381.5,392.9,381.02,388.74,10185100,388.74
GOOG,4/15/2009,367.1,381.06,364.16,379.5,4930700,379.5
GOOG,4/14/2009,376.94,376.99,365.6,368.91,3428600,368.91
GOOG,4/13/2009,371.33,379.1,370.3,378.11,3050100,378.11
GOOG,4/9/2009,369.5,374.35,366.25,372.5,3382600,372.5
GOOG,4/8/2009,363.5,365,356.21,362,2765200,362
GOOG,4/7/2009,362.6,363.75,355.31,358.65,3680100,358.65
GOOG,4/6/2009,367,369.82,361.4,368.24,3280300,368.24
GOOG,4/3/2009,364.5,371.72,358,369.78,3789800,369.78
GOOG,4/2/2009,363.31,369.76,360.32,362.5,4488000,362.5
GOOG,4/1/2009,343.78,355.24,340.61,354.09,3301200,354.09
GOOG,3/31/2009,348.93,353.51,346.18,348.06,3655300,348.06
GOOG,3/30/2009,342.55,343.81,336.05,342.69,3094100,342.69
GOOG,3/27/2009,350,352,345.47,347.7,3322800,347.7
GOOG,3/26/2009,353.13,359.16,348.5,353.29,6003300,353.29
GOOG,3/25/2009,350.4,351.34,336.25,344.07,4336300,344.07
GOOG,3/24/2009,346.5,353.84,344,347.17,3820000,347.17
GOOG,3/23/2009,333.56,349.45,333.03,348.6,4271500,348.6
GOOG,3/20/2009,330.3,332.99,326.34,330.16,4737900,330.16
GOOG,3/19/2009,331.68,336,327.38,329.94,4111200,329.94
GOOG,3/18/2009,334.81,340,328.05,333.1,5012200,333.1
GOOG,3/17/2009,320.18,335.34,319.09,335.34,4712500,335.34
GOOG,3/16/2009,325.99,329.73,318.59,319.69,4946800,319.69
GOOG,3/13/2009,326.1,327.46,319.03,324.42,3906400,324.42
GOOG,3/12/2009,317.54,325,313.65,323.53,5024100,323.53
GOOG,3/11/2009,310.1,320,305.71,317.91,5923600,317.91
GOOG,3/10/2009,298.25,310.5,294.25,308.17,6730200,308.17
GOOG,3/9/2009,299.98,306.57,289.45,290.89,6471300,290.89
GOOG,3/6/2009,307.22,310.19,294.25,308.57,7234200,308.57
GOOG,3/5/2009,316.48,319.08,302.64,305.64,6529900,305.64
GOOG,3/4/2009,323.16,329,315.38,318.92,7818400,318.92
GOOG,3/3/2009,330.07,333.69,322.35,325.48,6524800,325.48
GOOG,3/2/2009,333.33,340.7,326,327.16,5788500,327.16
GOOG,2/27/2009,332.95,343.82,331.11,337.99,5420000,337.99
GOOG,2/26/2009,345.96,352.49,337.16,337.18,5605600,337.18
GOOG,2/25/2009,342.15,352.3,338.92,341.64,6439100,341.64
GOOG,2/24/2009,331.02,349.62,330.89,345.45,6095900,345.45
GOOG,2/23/2009,347,349.8,329.55,330.06,5221100,330.06
GOOG,2/20/2009,338.05,348.92,335,346.45,6217100,346.45
GOOG,2/19/2009,357.47,359.8,341.41,342.64,4988700,342.64
GOOG,2/18/2009,347.24,353.38,340.52,353.11,6024500,353.11
GOOG,2/17/2009,346.51,347.09,339.69,342.66,5680400,342.66
GOOG,2/13/2009,362.19,362.99,355.23,357.68,4146700,357.68
GOOG,2/12/2009,353.16,363.62,351.48,363.05,5550300,363.05
GOOG,2/11/2009,358.95,365,353,358.04,5231600,358.04
GOOG,2/10/2009,375.98,377.5,357.89,358.51,7103700,358.51
GOOG,2/9/2009,371.28,381,367.3,378.77,4977300,378.77
GOOG,2/6/2009,356.46,373.81,355.44,371.28,7038100,371.28
GOOG,2/5/2009,340.91,355.38,337,353.72,7264400,353.72
GOOG,2/4/2009,340.07,354.44,339.17,343,6817400,343
GOOG,2/3/2009,342.57,343,333.83,340.45,6556500,340.45
GOOG,2/2/2009,334.29,345,332,340.57,5206900,340.57
GOOG,1/30/2009,344.69,348.8,336,338.53,4672000,338.53
GOOG,1/29/2009,344.54,345.05,340.11,343.32,7283800,343.32
GOOG,1/28/2009,337.98,352.33,336.31,348.67,7691400,348.67
GOOG,1/27/2009,326.45,333.87,324.27,331.48,4927300,331.48
GOOG,1/26/2009,324.85,328,320.56,323.87,4610700,323.87
GOOG,1/23/2009,309.27,331.96,304.22,324.7,10732800,324.7
GOOG,1/22/2009,298.04,309.35,295.15,306.5,8267000,306.5
GOOG,1/21/2009,288.35,303.5,288.35,303.08,4924500,303.08
GOOG,1/20/2009,299.14,299.5,282.75,282.75,5048200,282.75
GOOG,1/16/2009,305.02,308.25,295.7,299.67,5224400,299.67
GOOG,1/15/2009,297.57,303.58,286.79,298.99,5934500,298.99
GOOG,1/14/2009,310,313.8,297.75,300.97,5467900,300.97
GOOG,1/13/2009,311.77,320.6,310.39,314.32,4432500,314.32
GOOG,1/12/2009,316.31,318.95,310.23,312.69,3304300,312.69
GOOG,1/9/2009,327.5,327.5,313.4,315.07,4340500,315.07
GOOG,1/8/2009,318.28,325.19,317.34,325.19,3600700,325.19
GOOG,1/7/2009,328.32,330.91,318.75,322.01,4494500,322.01
GOOG,1/6/2009,332.98,340.8,326.39,334.06,6425200,334.06
GOOG,1/5/2009,321,331.24,315,328.05,4889000,328.05
GOOG,1/2/2009,308.6,321.82,305.5,321.32,3610500,321.32
GOOG,12/31/2008,304.2,311,302.61,307.65,2886800,307.65
GOOG,12/30/2008,300.8,306.81,298.71,303.11,3843500,303.11
GOOG,12/29/2008,300.22,301.38,291.58,297.42,3701900,297.42
GOOG,12/26/2008,304.07,305.26,298.31,300.36,1959100,300.36
GOOG,12/24/2008,301.48,306.34,298.38,302.95,1921500,302.95
GOOG,12/23/2008,300.43,303.31,296.67,298.02,3777700,298.02
GOOG,12/22/2008,308.56,309.5,290.63,297.11,3917600,297.11
GOOG,12/19/2008,310.99,317.79,309,310.17,5612600,310.17
GOOG,12/18/2008,316.7,320.35,309.11,310.28,4763500,310.28
GOOG,12/17/2008,318.64,322.13,312.42,315.24,5789700,315.24
GOOG,12/16/2008,314.52,329.5,311.27,325.28,7059600,325.28
GOOG,12/15/2008,314.01,318.49,305.11,310.67,6737900,310.67
GOOG,12/12/2008,295.71,316.47,294,315.76,5722100,315.76
GOOG,12/11/2008,304.17,312.88,297.8,300.22,6179200,300.22
GOOG,12/10/2008,309.24,314.9,304.51,308.82,5237000,308.82
GOOG,12/9/2008,297.69,318,297.01,305.97,6889900,305.97
GOOG,12/8/2008,289.99,309.44,282,302.11,8144300,302.11
GOOG,12/5/2008,271.02,284.24,264.02,283.99,6521200,283.99
GOOG,12/4/2008,276.53,283.49,268.77,274.34,4886600,274.34
GOOG,12/3/2008,269.85,281.36,265.34,279.43,5904800,279.43
GOOG,12/2/2008,269.73,277.78,262.58,275.11,5839700,275.11
GOOG,12/1/2008,286.68,287.38,265.98,265.99,5711200,265.99
GOOG,11/28/2008,290.58,296.45,288.28,292.96,2565500,292.96
GOOG,11/26/2008,280.28,295.46,276.2,292.09,6356600,292.09
GOOG,11/25/2008,268.68,286.66,267.32,282.05,10771200,282.05
GOOG,11/24/2008,269.26,269.95,249.01,257.44,10054700,257.44
GOOG,11/21/2008,262.51,269.37,247.3,262.43,10244500,262.43
GOOG,11/20/2008,274.89,282.94,259.04,259.56,9779400,259.56
GOOG,11/19/2008,295.39,300.19,278.58,280.18,7834600,280.18
GOOG,11/18/2008,301.57,303.73,285.35,297.42,8346100,297.42
GOOG,11/17/2008,303,310.16,297.95,300.12,7543800,300.12
GOOG,11/14/2008,303.25,324.99,302.56,310.02,9517100,310.02
GOOG,11/13/2008,291.77,313,280,312.08,13234700,312.08
GOOG,11/12/2008,302.05,312.49,287.76,291,10051100,291
GOOG,11/11/2008,308.69,316.3,300.52,311.46,10146600,311.46
GOOG,11/10/2008,328,329.44,309.47,318.78,8080100,318.78
GOOG,11/7/2008,333.12,341.15,325.33,331.14,4681300,331.14
GOOG,11/6/2008,339.97,344.42,325.81,331.22,8574800,331.22
GOOG,11/5/2008,362.15,368.88,341.31,342.24,6946500,342.24
GOOG,11/4/2008,353.44,372.36,345.5,366.94,7349900,366.94
GOOG,11/3/2008,357.58,362.99,341.43,346.49,5954500,346.49
GOOG,10/31/2008,356.16,371.96,354.27,359.36,7423300,359.36
GOOG,10/30/2008,368.46,372,358.37,359.69,7988900,359.69
GOOG,10/29/2008,365.79,371,352.37,358,9756600,358
GOOG,10/28/2008,339.05,369.31,328.51,368.75,8105400,368.75
GOOG,10/27/2008,334.81,343,325.6,329.49,6200700,329.49
GOOG,10/24/2008,326.47,350.47,324.74,339.29,7359000,339.29
GOOG,10/23/2008,353.65,358,337.99,352.32,6478900,352.32
GOOG,10/22/2008,356.99,369.69,344,355.67,6560000,355.67
GOOG,10/21/2008,372.39,383.78,362,362.75,5782000,362.75
GOOG,10/20/2008,379.75,380.98,359.59,379.32,6753400,379.32
GOOG,10/17/2008,378.96,386,363.55,372.54,14249200,372.54
GOOG,10/16/2008,332.76,356.5,309.44,353.02,16239700,353.02
GOOG,10/15/2008,354.65,359,338.83,339.17,6721400,339.17
GOOG,10/14/2008,393.53,394.5,357,362.71,7784800,362.71
GOOG,10/13/2008,355.79,381.95,345.75,381.02,8905500,381.02
GOOG,10/10/2008,313.16,341.89,310.3,332,10597800,332
GOOG,10/9/2008,344.52,348.57,321.67,328.98,8075000,328.98
GOOG,10/8/2008,330.16,358.99,326.11,338.11,11826400,338.11
GOOG,10/7/2008,373.33,374.98,345.37,346.01,11054400,346.01
GOOG,10/6/2008,373.98,375.99,357.16,371.21,11220600,371.21
GOOG,10/3/2008,397.35,412.5,383.07,386.91,7992900,386.91
GOOG,10/2/2008,409.79,409.98,386,390.49,5984900,390.49
GOOG,10/1/2008,411.15,416.98,403.1,411.72,6234800,411.72
GOOG,9/30/2008,395.98,425.08,392.32,400.52,3086300,400.52
GOOG,9/29/2008,419.51,423.51,380.71,381,10762900,381
GOOG,9/26/2008,428,437.16,421.03,431.04,5292500,431.04
GOOG,9/25/2008,438.84,450,435.98,439.6,5020300,439.6
GOOG,9/24/2008,430.34,445,430.11,435.11,4242000,435.11
GOOG,9/23/2008,433.25,440.79,425.72,429.27,5204200,429.27
GOOG,9/22/2008,454.13,454.13,429,430.14,4407300,430.14
GOOG,9/19/2008,461,462.07,443.28,449.15,10006000,449.15
GOOG,9/18/2008,422.64,439.18,410.5,439.08,8589400,439.08
GOOG,9/17/2008,438.48,439.14,413.44,414.49,9126900,414.49
GOOG,9/16/2008,425.96,449.28,425.49,442.93,6990700,442.93
GOOG,9/15/2008,424,441.97,423.71,433.86,6567400,433.86
GOOG,9/12/2008,430.21,441.99,429,437.66,6028000,437.66
GOOG,9/11/2008,408.35,435.09,406.38,433.75,6471400,433.75
GOOG,9/10/2008,424.47,424.48,409.68,414.16,6226800,414.16
GOOG,9/9/2008,423.17,432.38,415,418.66,7229600,418.66
GOOG,9/8/2008,452.02,452.94,417.55,419.95,9017900,419.95
GOOG,9/5/2008,445.49,452.46,440.08,444.25,4534300,444.25
GOOG,9/4/2008,460,463.24,449.4,450.26,4848500,450.26
GOOG,9/3/2008,468.73,474.29,459.58,464.41,4314600,464.41
GOOG,9/2/2008,476.77,482.18,461.42,465.25,6111500,465.25
GOOG,8/29/2008,469.75,471.01,462.33,463.29,3848200,463.29
GOOG,8/28/2008,472.49,476.45,470.33,473.78,3029700,473.78
GOOG,8/27/2008,473.73,474.83,464.84,468.58,4387100,468.58
GOOG,8/26/2008,483.46,483.46,470.59,474.16,3308200,474.16
GOOG,8/25/2008,486.11,497,481.5,483.01,2014300,483.01
GOOG,8/22/2008,491.5,494.88,489.48,490.59,2297200,490.59
GOOG,8/21/2008,482.92,489.9,479.27,486.53,3514100,486.53
GOOG,8/20/2008,494.72,496.69,482.57,485,3982100,485
GOOG,8/19/2008,490.43,498.28,486.63,490.5,3046500,490.5
GOOG,8/18/2008,509.84,510,495.51,498.3,3333900,498.3
GOOG,8/15/2008,506.99,510.66,505.5,510.15,3545700,510.15
GOOG,8/14/2008,497.7,507.61,496.29,505.49,2918600,505.49
GOOG,8/13/2008,501.6,503.54,493.88,500.03,3625500,500.03
GOOG,8/12/2008,502,506.13,498,502.61,2755700,502.61
GOOG,8/11/2008,492.47,508.88,491.78,500.84,4239300,500.84
GOOG,8/8/2008,480.15,495.75,475.69,495.01,3739300,495.01
GOOG,8/7/2008,482,484,476.41,479.12,2773800,479.12
GOOG,8/6/2008,478.37,489.77,472.51,486.34,3375800,486.34
GOOG,8/5/2008,467.59,480.08,466.33,479.85,3584500,479.85
GOOG,8/4/2008,468.12,473.01,461.9,463,2487000,463
GOOG,8/1/2008,472.51,473.22,462.5,467.86,3007900,467.86
GOOG,7/31/2008,474.56,480.89,471.44,473.75,2865100,473.75
GOOG,7/30/2008,485.5,486.02,472.81,482.7,3490700,482.7
GOOG,7/29/2008,479.3,487.26,478,483.11,2802800,483.11
GOOG,7/28/2008,492.09,492.09,475.13,477.12,3160000,477.12
GOOG,7/25/2008,486.49,493.13,481.5,491.98,3183500,491.98
GOOG,7/24/2008,496.7,496.87,475.62,475.62,3540900,475.62
GOOG,7/23/2008,481.61,497.23,478.1,489.22,4894100,489.22
GOOG,7/22/2008,466.72,480.25,465.6,477.11,4691500,477.11
GOOG,7/21/2008,480.88,484.09,465.7,468.8,5901500,468.8
GOOG,7/18/2008,498.35,498.98,478.19,481.32,11292400,481.32
GOOG,7/17/2008,534.16,537.05,524.5,533.44,8787400,533.44
GOOG,7/16/2008,514.04,536.5,510.6,535.6,4742200,535.6
GOOG,7/15/2008,516.28,527.5,501.1,516.09,6071000,516.09
GOOG,7/14/2008,539,540.06,515.45,521.62,4424800,521.62
GOOG,7/11/2008,536.5,539.5,519.43,533.8,4981400,533.8
GOOG,7/10/2008,545,549.5,530.72,540.57,4331700,540.57
GOOG,7/9/2008,550.76,555.68,540.73,541.55,4154000,541.55
GOOG,7/8/2008,545.99,555.19,540,554.53,4932400,554.53
GOOG,7/7/2008,542.3,549,535.6,543.91,4255200,543.91
GOOG,7/3/2008,530.88,539.23,527.5,537,2400500,537
GOOG,7/2/2008,536.51,540.38,526.06,527.04,4223000,527.04
GOOG,7/1/2008,519.58,536.72,517,534.73,4959900,534.73
GOOG,6/30/2008,532.47,538,523.06,526.42,3765300,526.42
GOOG,6/27/2008,527.68,530,515.09,528.07,5447500,528.07
GOOG,6/26/2008,544.1,544.93,528.26,528.82,5659500,528.82
GOOG,6/25/2008,544.97,557.8,543.67,551,4122200,551
GOOG,6/24/2008,545.14,551.19,535.1,542.3,4672600,542.3
GOOG,6/23/2008,545.36,553.15,542.02,545.21,3635900,545.21
GOOG,6/20/2008,556.98,556.98,544.51,546.43,5983100,546.43
GOOG,6/19/2008,555.35,563.78,550.81,560.2,5683100,560.2
GOOG,6/18/2008,564.51,568.99,559.16,562.38,3381200,562.38
GOOG,6/17/2008,576.35,578.07,568.38,569.46,3462900,569.46
GOOG,6/16/2008,566.5,579.1,566.5,572.81,3542800,572.81
GOOG,6/13/2008,561.49,575.7,561.34,571.51,6184400,571.51
GOOG,6/12/2008,548.76,558,546.88,552.95,5491600,552.95
GOOG,6/11/2008,556.24,557.34,544.46,545.2,3812900,545.2
GOOG,6/10/2008,549.56,558.82,546.78,554.17,3657400,554.17
GOOG,6/9/2008,568.06,570,545.4,557.87,5288300,557.87
GOOG,6/6/2008,579.75,580.72,567,567,4734500,567
GOOG,6/5/2008,577.08,588.04,576.21,586.3,3916700,586.3
GOOG,6/4/2008,565.33,578,564.55,572.22,3363200,572.22
GOOG,6/3/2008,576.5,580.5,560.61,567.3,4305300,567.3
GOOG,6/2/2008,582.5,583.89,571.27,575,3674200,575
GOOG,5/30/2008,583.47,589.92,581.3,585.8,3225200,585.8
GOOG,5/29/2008,574.79,585.88,573.2,583,4845000,583
GOOG,5/28/2008,567.94,571.49,561.1,568.24,4050400,568.24
GOOG,5/27/2008,544.96,562.6,543.85,560.9,3865500,560.9
GOOG,5/23/2008,546.96,553,537.81,544.62,4431500,544.62
GOOG,5/22/2008,551.95,554.21,540.25,549.46,5076300,549.46
GOOG,5/21/2008,578.52,581.41,547.89,549.99,6468100,549.99
GOOG,5/20/2008,574.63,582.48,572.91,578.6,3313600,578.6
GOOG,5/19/2008,578.55,588.88,573.52,577.52,5604500,577.52
GOOG,5/16/2008,581.43,584.68,578.32,580.07,4274100,580.07
GOOG,5/15/2008,579,582.95,575.61,581,4342700,581
GOOG,5/14/2008,586.49,591.19,575.25,576.3,4375800,576.3
GOOG,5/13/2008,586.23,587.95,578.55,583,5163500,583
GOOG,5/12/2008,574.75,586.75,568.91,584.94,4863900,584.94
GOOG,5/9/2008,579,585,571.3,573.2,4484900,573.2
GOOG,5/8/2008,586.2,589.3,578.91,583.01,5122900,583.01
GOOG,5/7/2008,590.27,599.49,576.43,579,6613000,579
GOOG,5/6/2008,591,592,583,586.36,4629300,586.36
GOOG,5/5/2008,598.86,599,587.13,594.9,6281000,594.9
GOOG,5/2/2008,598.49,602.45,579.3,581.29,6998800,581.29
GOOG,5/1/2008,578.31,594.93,576.97,593.08,6602800,593.08
GOOG,4/30/2008,562.21,584.86,558.47,574.29,7903000,574.29
GOOG,4/29/2008,550.83,563.4,550.01,558.47,4346000,558.47
GOOG,4/28/2008,545.88,556.81,539,552.12,4008600,552.12
GOOG,4/25/2008,549.02,553,542.73,544.06,4164400,544.06
GOOG,4/24/2008,551.29,554.49,540.02,543.04,4135100,543.04
GOOG,4/23/2008,557.94,559.31,540.95,546.49,4921500,546.49
GOOG,4/22/2008,537.57,560.83,537.56,555,7938500,555
GOOG,4/21/2008,539.39,542.59,530.29,537.79,7439700,537.79
GOOG,4/18/2008,535.21,547.7,524.77,539.41,18235600,539.41
GOOG,4/17/2008,455.63,459.37,446.52,449.54,13353000,449.54
GOOG,4/16/2008,444.4,458.28,441,455.03,7630700,455.03
GOOG,4/15/2008,458.13,459.72,443.72,446.84,4577600,446.84
GOOG,4/14/2008,457.16,457.45,450.15,451.66,3842600,451.66
GOOG,4/11/2008,464.07,467.26,455.01,457.45,4169700,457.45
GOOG,4/10/2008,464.96,473.86,461.85,469.08,5072400,469.08
GOOG,4/9/2008,469.13,472,457.54,464.19,6048100,464.19
GOOG,4/8/2008,473.04,474.14,462.01,467.81,4547000,467.81
GOOG,4/7/2008,477.03,485.44,473.53,476.82,5943500,476.82
GOOG,4/4/2008,457.01,477.83,456.2,471.09,5897200,471.09
GOOG,4/3/2008,461.73,463.29,448.13,455.12,6778400,455.12
GOOG,4/2/2008,469.9,475.74,460.39,465.7,5999000,465.7
GOOG,4/1/2008,447.74,466.5,446.87,465.71,6093100,465.71
GOOG,3/31/2008,435.64,442.69,432.01,440.47,4446400,440.47
GOOG,3/28/2008,447.46,453.57,434.31,438.08,4376200,438.08
GOOG,3/27/2008,446,448.61,440.49,444.08,5832200,444.08
GOOG,3/26/2008,452.59,462.87,449.29,458.19,5225700,458.19
GOOG,3/25/2008,457.46,457.47,446,450.78,5831600,450.78
GOOG,3/24/2008,438.43,465.78,437.72,460.56,6763500,460.56
GOOG,3/20/2008,427.32,435.7,417.5,433.55,9913400,433.55
GOOG,3/19/2008,441.11,447.5,431.67,432,6179000,432
GOOG,3/18/2008,428.98,440.84,425.53,439.16,7237200,439.16
GOOG,3/17/2008,427.99,433.71,412.11,419.87,7888200,419.87
GOOG,3/14/2008,442.98,449.34,430.62,437.92,6574400,437.92
GOOG,3/13/2008,432.67,446.98,428.78,443.01,7726600,443.01
GOOG,3/12/2008,440.01,447.88,438.07,440.18,6651900,440.18
GOOG,3/11/2008,425.26,440.15,424.65,439.84,8826900,439.84
GOOG,3/10/2008,428.83,431,413.04,413.62,7987600,413.62
GOOG,3/7/2008,428.88,440,426.24,433.35,8071800,433.35
GOOG,3/6/2008,447.69,453.3,431.18,432.7,7470100,432.7
GOOG,3/5/2008,445.25,454.17,444,447.7,7436600,447.7
GOOG,3/4/2008,450.95,453.36,435.78,444.6,13621700,444.6
GOOG,3/3/2008,471.51,472.72,450.11,457.02,7554500,457.02
GOOG,2/29/2008,471.87,479.74,464.65,471.18,9425400,471.18
GOOG,2/28/2008,470.5,479.09,467.36,475.39,6586900,475.39
GOOG,2/27/2008,460.13,475.49,459.64,472.86,10121900,472.86
GOOG,2/26/2008,461.2,466.47,446.85,464.19,23287300,464.19
GOOG,2/25/2008,505.95,506.5,485.74,486.44,8372800,486.44
GOOG,2/22/2008,502.06,509,497.55,507.8,5515900,507.8
GOOG,2/21/2008,512.85,513.21,499.5,502.86,5677800,502.86
GOOG,2/20/2008,503.51,511.01,498.82,509,6662200,509
GOOG,2/19/2008,534.94,535.06,506.5,508.95,6350400,508.95
GOOG,2/15/2008,528.31,532.66,524.33,529.64,5240100,529.64
GOOG,2/14/2008,538.35,541.04,531,532.25,6476700,532.25
GOOG,2/13/2008,522.5,534.99,518.69,534.62,6624700,534.62
GOOG,2/12/2008,523.39,530.6,513.03,518.09,6662300,518.09
GOOG,2/11/2008,520.52,523.71,513.4,521.16,5826000,521.16
GOOG,2/8/2008,509.41,517.73,508.7,516.69,6828900,516.69
GOOG,2/7/2008,496.86,514.19,494.76,504.95,7928900,504.95
GOOG,2/6/2008,511.14,511.17,497.93,501.71,7636400,501.71
GOOG,2/5/2008,489.43,509,488.52,506.8,11203300,506.8
GOOG,2/4/2008,509.07,512.78,492.55,495.43,13157100,495.43
GOOG,2/1/2008,528.67,536.67,510,515.9,17600500,515.9
GOOG,1/31/2008,539.01,573,534.29,564.3,14871300,564.3
GOOG,1/30/2008,549.19,560.43,543.51,548.27,7939600,548.27
GOOG,1/29/2008,560.47,561.33,540.67,550.52,6283000,550.52
GOOG,1/28/2008,570.97,572.24,548.6,555.98,5816700,555.98
GOOG,1/25/2008,591.81,595,566.18,566.4,6966000,566.4
GOOG,1/24/2008,558.8,579.69,554.14,574.49,9400900,574.49
GOOG,1/23/2008,560.71,568,519,548.62,16965700,548.62
GOOG,1/22/2008,562.03,597.5,561.2,584.35,9501500,584.35
GOOG,1/18/2008,608.36,609.99,598.45,600.25,8539600,600.25
GOOG,1/17/2008,620.76,625.74,598.01,600.79,8216800,600.79
GOOG,1/16/2008,628.97,639.99,601.93,615.95,10560000,615.95
GOOG,1/15/2008,645.9,649.05,635.38,637.65,5568200,637.65
GOOG,1/14/2008,651.14,657.4,645.25,653.82,4447500,653.82
GOOG,1/11/2008,642.7,649.47,630.11,638.25,4977000,638.25
GOOG,1/10/2008,645.01,657.2,640.11,646.73,6334200,646.73
GOOG,1/9/2008,630.04,653.34,622.51,653.2,6739700,653.2
GOOG,1/8/2008,653,659.96,631,631.68,5339100,631.68
GOOG,1/7/2008,653.94,662.28,637.35,649.25,6403400,649.25
GOOG,1/4/2008,679.69,680.96,655,657,5359800,657
GOOG,1/3/2008,685.26,686.85,676.52,685.33,3252500,685.33
GOOG,1/2/2008,692.87,697.37,677.73,685.19,4306900,685.19
GOOG,12/31/2007,698.57,702.49,690.58,691.48,2376200,691.48
GOOG,12/28/2007,704.93,707.95,696.54,702.53,2562700,702.53
GOOG,12/27/2007,707.07,716,700.74,700.74,2942500,700.74
GOOG,12/26/2007,698.99,713.22,698.21,710.84,2530000,710.84
GOOG,12/24/2007,694.99,700.73,693.06,700.73,1628400,700.73
GOOG,12/21/2007,697.88,699.26,693.24,696.69,5382000,696.69
GOOG,12/20/2007,685.83,691,680.61,689.69,4422200,689.69
GOOG,12/19/2007,674.21,679.5,669,677.37,4421100,677.37
GOOG,12/18/2007,674.16,676.71,652.5,673.35,7166700,673.35
GOOG,12/17/2007,688,695.42,663.67,669.23,5486000,669.23
GOOG,12/14/2007,687.51,699.7,687.26,689.96,3673500,689.96
GOOG,12/13/2007,696.31,697.62,681.21,694.05,5040800,694.05
GOOG,12/12/2007,714,714.32,688.5,699.35,6159100,699.35
GOOG,12/11/2007,719.94,720.99,698.78,699.2,6139100,699.2
GOOG,12/10/2007,715.99,724.8,714,718.42,3856200,718.42
GOOG,12/7/2007,714.99,718,710.5,714.87,3852100,714.87
GOOG,12/6/2007,697.8,716.56,697.01,715.26,4909000,715.26
GOOG,12/5/2007,692.73,698.93,687.5,698.51,4209600,698.51
GOOG,12/4/2007,678.31,692,677.12,684.16,4231800,684.16
GOOG,12/3/2007,691.01,695,681.14,681.53,4325100,681.53
GOOG,11/30/2007,711,711.06,682.11,693,7895500,693
GOOG,11/29/2007,690.75,702.79,687.77,697,6208000,697
GOOG,11/28/2007,682.11,694.3,672.14,692.26,7916500,692.26
GOOG,11/27/2007,674.8,676.43,650.26,673.57,8904500,673.57
GOOG,11/26/2007,680.2,693.4,665,666,6790100,666
GOOG,11/23/2007,670,678.28,668.11,676.7,2738700,676.7
GOOG,11/21/2007,643.77,669.97,642.08,660.52,7013500,660.52
GOOG,11/20/2007,636.48,659.1,632.87,648.54,9840600,648.54
GOOG,11/19/2007,629.59,636.77,618.5,625.85,5527400,625.85
GOOG,11/16/2007,633.94,635.49,616.02,633.63,9042800,633.63
GOOG,11/15/2007,638.57,647.5,624,629.65,6967700,629.65
GOOG,11/14/2007,673.28,675.49,636.27,641.68,8094700,641.68
GOOG,11/13/2007,644.99,660.92,632.07,660.55,8426100,660.55
GOOG,11/12/2007,657.74,669.93,626.21,632.07,10227300,632.07
GOOG,11/9/2007,675.78,681.88,661.21,663.97,11388100,663.97
GOOG,11/8/2007,734.6,734.89,677.18,693.84,16512200,693.84
GOOG,11/7/2007,741.13,747.24,723.14,732.94,8252900,732.94
GOOG,11/6/2007,737.56,741.79,725,741.79,8436300,741.79
GOOG,11/5/2007,706.99,730.23,706.07,725.65,8883700,725.65
GOOG,11/2/2007,710.51,713.58,697.34,711.25,5841500,711.25
GOOG,11/1/2007,702.79,713.72,701.78,703.21,6527200,703.21
GOOG,10/31/2007,700.69,707,696.04,707,6876800,707
GOOG,10/30/2007,677.51,699.91,677.51,694.77,6900600,694.77
GOOG,10/29/2007,677.77,680,672.09,679.23,3066300,679.23
GOOG,10/26/2007,674.03,676.54,668.06,674.6,3353900,674.6
GOOG,10/25/2007,678.68,678.97,663.55,668.51,5795500,668.51
GOOG,10/24/2007,672.71,677.47,659.56,675.82,7404200,675.82
GOOG,10/23/2007,661.25,677.6,660,675.77,6793700,675.77
GOOG,10/22/2007,638.67,655,636.28,650.75,6664400,650.75
GOOG,10/19/2007,654.56,658.49,643.23,644.71,15789000,644.71
GOOG,10/18/2007,635.41,641.37,628.5,639.62,12289200,639.62
GOOG,10/17/2007,630.45,634,621.59,633.48,6030500,633.48
GOOG,10/16/2007,618.49,625.92,611.99,616,6025300,616
GOOG,10/15/2007,638.47,639.86,615.55,620.11,6943800,620.11
GOOG,10/12/2007,623.98,638.4,618.24,637.39,6823700,637.39
GOOG,10/11/2007,633.64,641.41,609,622,11799000,622
GOOG,10/10/2007,621.36,625.68,616.8,625.39,5385600,625.39
GOOG,10/9/2007,615.11,623.78,608.39,615.18,8767800,615.18
GOOG,10/8/2007,595,610.26,593.95,609.62,5028000,609.62
GOOG,10/5/2007,587.11,596,587.01,594.05,5068700,594.05
GOOG,10/4/2007,585.09,585.09,577.06,579.03,2986700,579.03
GOOG,10/3/2007,586.25,588.99,580.36,584.02,3879500,584.02
GOOG,10/2/2007,583.38,596.81,580.01,584.39,7067500,584.39
GOOG,10/1/2007,569.97,584.35,569.61,582.55,4711300,582.55
GOOG,9/28/2007,567,569.55,564.12,567.27,2639500,567.27
GOOG,9/27/2007,571.73,571.74,565.78,567.5,2056300,567.5
GOOG,9/26/2007,570.4,571.79,563.81,568.16,3346100,568.16
GOOG,9/25/2007,564,569.56,562.86,569,2730600,569
GOOG,9/24/2007,561,571.46,560,568.02,5297000,568.02
GOOG,9/21/2007,556.34,560.79,552.83,560.1,8011700,560.1
GOOG,9/20/2007,547,556.8,546.03,552.83,5525000,552.83
GOOG,9/19/2007,539.27,549.45,538.86,546.85,5526900,546.85
GOOG,9/18/2007,526.52,537.25,524.27,535.27,4215700,535.27
GOOG,9/17/2007,526.53,529.28,524.07,525.3,2197500,525.3
GOOG,9/14/2007,523.2,530.27,522.22,528.75,2764900,528.75
GOOG,9/13/2007,524.06,527.21,523.22,524.78,1891100,524.78
GOOG,9/12/2007,520.53,527.98,519,522.65,2986000,522.65
GOOG,9/11/2007,516.99,521.65,515.73,521.33,2703600,521.33
GOOG,9/10/2007,521.28,522.07,510.88,514.48,3225800,514.48
GOOG,9/7/2007,517.86,521.24,516.8,519.35,3663600,519.35
GOOG,9/6/2007,529.36,529.83,518.24,523.52,3625900,523.52
GOOG,9/5/2007,523.4,529.48,522.25,527.8,3312900,527.8
GOOG,9/4/2007,515.02,528,514.62,525.15,3693700,525.15
GOOG,8/31/2007,513.1,516.5,511.47,515.25,2977600,515.25
GOOG,8/30/2007,512.36,515.4,510.58,511.4,2651700,511.4
GOOG,8/29/2007,507.84,513.3,507.23,512.88,2549300,512.88
GOOG,8/28/2007,511.53,514.98,505.79,506.4,3273900,506.4
GOOG,8/27/2007,514.43,517.45,511.4,513.26,2325100,513.26
GOOG,8/24/2007,512.61,515.55,508.5,515,2472700,515
GOOG,8/23/2007,516,516.13,507,512.19,3076700,512.19
GOOG,8/22/2007,509.96,516.25,509.25,512.75,3252700,512.75
GOOG,8/21/2007,498.94,508.16,497.77,506.61,3610600,506.61
GOOG,8/20/2007,502.46,502.56,496,497.92,2697300,497.92
GOOG,8/17/2007,497.44,501,491.65,500.04,5479400,500.04
GOOG,8/16/2007,492.02,496.43,480.46,491.52,8645600,491.52
GOOG,8/15/2007,509,511.69,496.71,497.55,5409500,497.55
GOOG,8/14/2007,515.72,517.4,508,508.6,3633700,508.6
GOOG,8/13/2007,519.54,519.75,513.03,515.5,3179300,515.5
GOOG,8/10/2007,510.18,518.72,505.63,515.75,5875200,515.75
GOOG,8/9/2007,520.8,526.82,514.63,514.73,4846500,514.73
GOOG,8/8/2007,519.34,525.78,517.09,525.78,4068800,525.78
GOOG,8/7/2007,509.75,519.88,509.04,516.02,4264300,516.02
GOOG,8/6/2007,503,510.15,502.5,510,3651500,510
GOOG,8/3/2007,510.05,513.2,503,503,3176200,503
GOOG,8/2/2007,513.72,514.99,509,511.01,3154900,511.01
GOOG,8/1/2007,510.5,516.51,508.14,512.94,4421500,512.94
GOOG,7/31/2007,520.23,520.44,510,510,4270500,510
GOOG,7/30/2007,512.92,519.34,510.5,516.11,3963300,516.11
GOOG,7/27/2007,508.53,516.62,505.5,511.89,5509100,511.89
GOOG,7/26/2007,508.74,512.59,498.88,508,6883400,508
GOOG,7/25/2007,516.98,517.02,505.56,509.76,5545000,509.76
GOOG,7/24/2007,509.3,518.69,507.11,514,5572100,514
GOOG,7/23/2007,519.01,520,512.15,512.51,6356700,512.51
GOOG,7/20/2007,511.9,523.18,509.5,520.12,17772300,520.12
GOOG,7/19/2007,553.46,553.52,542.24,548.59,11127200,548.59
GOOG,7/18/2007,553.89,554.5,543.81,549.5,6080000,549.5
GOOG,7/17/2007,555.04,557.73,552.38,555,4328600,555
GOOG,7/16/2007,550.3,558.58,549.31,552.99,6599500,552.99
GOOG,7/13/2007,547.91,552.67,547.25,552.16,5237100,552.16
GOOG,7/12/2007,545.86,547.32,540.22,545.33,3441600,545.33
GOOG,7/11/2007,543.61,546.5,540.01,544.47,3309300,544.47
GOOG,7/10/2007,543.79,547,541.65,543.34,3856000,543.34
GOOG,7/9/2007,543,548.74,540.26,542.56,3729800,542.56
GOOG,7/6/2007,541.25,543.87,538.73,539.4,2747000,539.4
GOOG,7/5/2007,535.56,544.4,532.15,541.63,4942900,541.63
GOOG,7/3/2007,531.06,534.4,527.5,534.34,1871800,534.34
GOOG,7/2/2007,525.49,531.85,524.2,530.38,3487600,530.38
GOOG,6/29/2007,526.02,527.4,519.46,522.7,3880600,522.7
GOOG,6/28/2007,524.88,529.5,523.8,525.01,4168400,525.01
GOOG,6/27/2007,525,527.99,519.56,526.29,6123100,526.29
GOOG,6/26/2007,532.73,533.2,526.24,530.26,5689500,530.26
GOOG,6/25/2007,528.98,534.99,523.38,527.42,7925000,527.42
GOOG,6/22/2007,516.42,524.99,516.1,524.98,7203700,524.98
GOOG,6/21/2007,510.98,515.29,506.28,514.11,4409700,514.11
GOOG,6/20/2007,516.96,518.75,509.06,509.97,4338200,509.97
GOOG,6/19/2007,514.01,517.25,511.54,514.31,4355300,514.31
GOOG,6/18/2007,506.18,516,504.24,515.2,4835900,515.2
GOOG,6/15/2007,508.19,509,501.23,505.89,6174100,505.89
GOOG,6/14/2007,505.38,505.88,501.7,502.84,4621200,502.84
GOOG,6/13/2007,507.09,508.54,498.69,505.24,7034000,505.24
GOOG,6/12/2007,508.71,511.67,503.17,504.77,6419500,504.77
GOOG,6/11/2007,514.02,518.25,510,511.34,4647700,511.34
GOOG,6/8/2007,516.2,519.64,509.46,515.49,6358200,515.49
GOOG,6/7/2007,519.75,526.5,512.51,515.06,10630500,515.06
GOOG,6/6/2007,516.75,520.78,515.26,518.25,7886700,518.25
GOOG,6/5/2007,509.75,519,506.61,518.84,10447100,518.84
GOOG,6/4/2007,497.91,510.51,497.59,507.07,7101000,507.07
GOOG,6/1/2007,501,505.02,497.93,500.4,4799000,500.4
GOOG,5/31/2007,500.56,508.78,497.06,497.91,8924300,497.91
GOOG,5/30/2007,484.5,498.84,483,498.6,7245800,498.6
GOOG,5/29/2007,485,491.8,484,487.11,5218000,487.11
GOOG,5/25/2007,479.7,484.95,477.27,483.52,5348500,483.52
GOOG,5/24/2007,475.15,479.2,471.5,474.33,4173600,474.33
GOOG,5/23/2007,480.82,483.41,473.75,473.97,5060200,473.97
GOOG,5/22/2007,473,479.01,473,475.86,3839000,475.86
GOOG,5/21/2007,469.53,479.2,466.72,470.6,6159300,470.6
GOOG,5/18/2007,472.03,472.7,469.75,470.32,3695900,470.32
GOOG,5/17/2007,472.46,475.22,470.81,470.96,4660600,470.96
GOOG,5/16/2007,462,473.14,459.02,472.61,6554200,472.61
GOOG,5/15/2007,461.96,462.54,457.41,458,4119000,458
GOOG,5/14/2007,465.48,467.51,460,461.78,3872700,461.78
GOOG,5/11/2007,461.83,467,461,466.74,2944100,466.74
GOOG,5/10/2007,467.04,469.49,461.02,461.47,3686300,461.47
GOOG,5/9/2007,466.15,471.73,463.88,469.25,3889900,469.25
GOOG,5/8/2007,466.13,468.17,464.73,466.81,2905100,466.81
GOOG,5/7/2007,472.14,472.82,466.47,467.27,3020100,467.27
GOOG,5/4/2007,470.12,474.84,465.88,471.12,3950000,471.12
GOOG,5/3/2007,466.22,474.07,465.29,473.23,3594200,473.23
GOOG,5/2/2007,468.65,471.08,465.73,465.78,3062700,465.78
GOOG,5/1/2007,472.19,472.81,464.17,469,3658200,469
GOOG,4/30/2007,479.15,481.35,471.38,471.38,3641200,471.38
GOOG,4/27/2007,480.07,482.4,478.33,479.01,2925700,479.01
GOOG,4/26/2007,478.1,484.45,477.11,481.18,4124900,481.18
GOOG,4/25/2007,480,481.37,476.11,477.99,3966800,477.99
GOOG,4/24/2007,478.61,479.98,475.55,477.53,3694700,477.53
GOOG,4/23/2007,480.1,485,478.26,479.08,5674600,479.08
GOOG,4/20/2007,490.52,492.5,482.02,482.48,12161500,482.48
GOOG,4/19/2007,474.5,481.95,469.59,471.65,11009600,471.65
GOOG,4/18/2007,471.26,479.9,469.53,476.01,5670500,476.01
GOOG,4/17/2007,473.8,476.39,471.6,472.8,3210100,472.8
GOOG,4/16/2007,468.46,476.99,468.15,474.27,5077900,474.27
GOOG,4/13/2007,468.45,468.77,463.36,466.29,2794800,466.29
GOOG,4/12/2007,464,468,462.24,467.39,2707900,467.39
GOOG,4/11/2007,466.06,469.4,462.61,464.53,3812000,464.53
GOOG,4/10/2007,467.09,470.79,465.16,466.5,2979300,466.5
GOOG,4/9/2007,472.98,473,465.59,468.21,3062100,468.21
GOOG,4/5/2007,471.3,472.09,469.62,471.51,2715800,471.51
GOOG,4/4/2007,472.14,473,469.58,471.02,3778800,471.02
GOOG,4/3/2007,464.05,474.25,464,472.6,6501800,472.6
GOOG,4/2/2007,457.76,458.53,452.12,458.53,3448500,458.53
GOOG,3/30/2007,462.1,463.4,456.14,458.16,3380200,458.16
GOOG,3/29/2007,464.55,466,455,460.92,3988500,460.92
GOOG,3/28/2007,461.87,465.44,460.15,461.88,4591600,461.88
GOOG,3/27/2007,463.55,465.23,460.34,463.62,3741200,463.62
GOOG,3/26/2007,460.55,465,455.62,465,4710300,465
GOOG,3/23/2007,461.45,463.39,457.08,461.83,4111300,461.83
GOOG,3/22/2007,455.61,462.17,452.53,462.04,5680700,462.04
GOOG,3/21/2007,445.3,456.57,445.21,456.55,5798300,456.55
GOOG,3/20/2007,445.79,447.6,443.6,445.28,3421500,445.28
GOOG,3/19/2007,443.25,448.5,440.63,447.23,5197700,447.23
GOOG,3/16/2007,445.65,446.7,439.89,440.85,5659100,440.85
GOOG,3/15/2007,447.86,449.82,443.94,446.19,3944200,446.19
GOOG,3/14/2007,443.23,448.66,439,448,8016900,448
GOOG,3/13/2007,450.11,451.93,442.83,443.03,6377300,443.03
GOOG,3/12/2007,452.57,455.25,451.11,454.75,3465400,454.75
GOOG,3/9/2007,458,458.4,450.1,452.96,4977700,452.96
GOOG,3/8/2007,459.22,465.5,454.1,454.72,5362800,454.72
GOOG,3/7/2007,462.69,463.14,454.29,455.64,6534100,455.64
GOOG,3/6/2007,447.47,459,447.38,457.55,7533700,457.55
GOOG,3/5/2007,437.02,445.5,437,440.95,6355100,440.95
GOOG,3/2/2007,445.11,448.7,438.68,438.68,6583600,438.68
GOOG,3/1/2007,442.67,452.42,440,448.23,8685200,448.23
GOOG,2/28/2007,450.41,453.67,443.04,449.45,8032300,449.45
GOOG,2/27/2007,455,459.8,447.17,448.77,9312800,448.77
GOOG,2/26/2007,472.83,475.25,463.75,464.93,3969900,464.93
GOOG,2/23/2007,475.75,476.95,467.8,470.62,3882600,470.62
GOOG,2/22/2007,478.69,484.24,474.39,475.85,5743900,475.85
GOOG,2/21/2007,469.84,478.68,467.74,475.86,5640600,475.86
GOOG,2/20/2007,468.47,472.75,464.71,472.1,4067600,472.1
GOOG,2/16/2007,462.8,470.15,462.06,469.94,6177000,469.94
GOOG,2/15/2007,466,466.13,460.72,461.47,4042400,461.47
GOOG,2/14/2007,460,469.13,459.22,465.93,5698800,465.93
GOOG,2/13/2007,459.15,462.78,457.26,459.1,4062600,459.1
GOOG,2/12/2007,460.68,462.39,455.02,458.29,5754500,458.29
GOOG,2/9/2007,471.65,472.68,461.5,461.89,4858600,461.89
GOOG,2/8/2007,468.05,473.75,465.15,471.03,4076700,471.03
GOOG,2/7/2007,473.82,474.35,468.78,470.01,4119800,470.01
GOOG,2/6/2007,468.1,473.3,467.26,471.48,5321900,471.48
GOOG,2/5/2007,477.5,478,466.19,467.16,7206900,467.16
GOOG,2/2/2007,482.61,485,477.81,481.5,6286500,481.5
GOOG,2/1/2007,506,506.01,481.53,481.75,15658700,481.75
GOOG,1/31/2007,496.49,505,495.51,501.5,12206100,501.5
GOOG,1/30/2007,494,498,491.22,494.32,4180500,494.32
GOOG,1/29/2007,498,498.75,490.5,492.47,4775700,492.47
GOOG,1/26/2007,490.93,497.9,487.03,495.84,5496500,495.84
GOOG,1/25/2007,501,504.5,485.66,488.09,6368500,488.09
GOOG,1/24/2007,484.45,499.54,483.29,499.07,6059300,499.07
GOOG,1/23/2007,480.79,484.75,477.29,479.05,4665500,479.05
GOOG,1/22/2007,492.5,492.65,478.5,480.84,5404300,480.84
GOOG,1/19/2007,487.98,490.76,486.74,489.75,4978300,489.75
GOOG,1/18/2007,494.52,496.48,487.43,487.83,5932000,487.83
GOOG,1/17/2007,503.39,507.77,494.38,497.28,6699100,497.28
GOOG,1/16/2007,507.55,513,503.3,504.28,7568900,504.28
GOOG,1/12/2007,501.99,505,500,505,4473700,505
GOOG,1/11/2007,497.2,501.75,496.18,499.72,7208200,499.72
GOOG,1/10/2007,484.43,493.55,482.04,489.46,5968500,489.46
GOOG,1/9/2007,485.45,488.25,481.2,485.5,5381400,485.5
GOOG,1/8/2007,487.69,489.87,482.2,483.58,4754400,483.58
GOOG,1/5/2007,482.5,487.5,478.11,487.19,6872100,487.19
GOOG,1/4/2007,469,483.95,468.35,483.26,7887600,483.26
GOOG,1/3/2007,466,476.66,461.11,467.59,7706500,467.59
GOOG,12/29/2006,462.1,464.47,459.86,460.48,2559200,460.48
GOOG,12/28/2006,467.12,468.58,462.25,462.56,3116200,462.56
GOOG,12/27/2006,460,468.08,459.1,468.03,4231500,468.03
GOOG,12/26/2006,456.52,459.47,454.59,457.53,2074300,457.53
GOOG,12/22/2006,457.5,458.64,452.73,455.58,3988300,455.58
GOOG,12/21/2006,464.18,465.25,452.34,456.2,6953300,456.2
GOOG,12/20/2006,470,471.5,462.33,462.9,4367800,462.9
GOOG,12/19/2006,461.72,469.31,458.5,468.63,6587000,468.63
GOOG,12/18/2006,482.51,482.74,460.72,462.8,8016600,462.8
GOOG,12/15/2006,482.64,484.11,479.84,480.3,5190800,480.3
GOOG,12/14/2006,480.25,483.75,477.26,482.12,4748900,482.12
GOOG,12/13/2006,484.69,485.5,477.02,478.99,4662100,478.99
GOOG,12/12/2006,483.85,486.36,480.28,481.78,4181000,481.78
GOOG,12/11/2006,484.92,488.9,483.8,483.93,3263400,483.93
GOOG,12/8/2006,481.94,488.6,480,484.11,3974900,484.11
GOOG,12/7/2006,490.23,491.8,482.42,482.64,4664300,482.64
GOOG,12/6/2006,486.96,492.4,484.52,488.71,4450300,488.71
GOOG,12/5/2006,487.4,489.44,484.89,487,4103000,487
GOOG,12/4/2006,483,487.43,479.35,484.85,4899900,484.85
GOOG,12/1/2006,485.98,488.39,478.5,480.8,5631400,480.8
GOOG,11/30/2006,484.19,490.4,481.55,484.81,5577500,484.81
GOOG,11/29/2006,494.24,494.74,482.25,484.65,6315300,484.65
GOOG,11/28/2006,481.13,489.86,477.03,489.5,7797600,489.5
GOOG,11/27/2006,501.37,501.78,484.75,484.75,7324700,484.75
GOOG,11/24/2006,504.5,507.5,504,505,1732700,505
GOOG,11/22/2006,510.97,513,505.78,508.01,4500700,508.01
GOOG,11/21/2006,496.54,510,495.83,509.65,8427500,509.65
GOOG,11/20/2006,498.4,498.4,492.65,495.05,5124500,495.05
GOOG,11/17/2006,493.25,499.66,493,498.79,5511000,498.79
GOOG,11/16/2006,495,497.68,492.56,495.9,5092600,495.9
GOOG,11/15/2006,493.43,499.85,491.93,491.93,8370700,491.93
GOOG,11/14/2006,480.7,489.95,480.5,489.3,7223400,489.3
GOOG,11/13/2006,474.9,481.17,474.14,481.03,4341900,481.03
GOOG,11/10/2006,473.78,474.72,470.29,473.55,2796700,473.55
GOOG,11/9/2006,476.5,479.49,471.86,472.63,4879200,472.63
GOOG,11/8/2006,470.35,481.74,468.6,475,7965000,475
GOOG,11/7/2006,476.95,479.02,471.77,472.57,4897100,472.57
GOOG,11/6/2006,473.77,479.66,472.33,476.95,4991500,476.95
GOOG,11/3/2006,472.23,473.75,465.06,471.8,4907700,471.8
GOOG,11/2/2006,467.5,473.73,466.38,469.91,5236700,469.91
GOOG,11/1/2006,478.76,479.13,465.26,467.5,5426300,467.5
GOOG,10/31/2006,478.06,482.16,473.84,476.39,6285400,476.39
GOOG,10/30/2006,474.82,480.46,470.01,476.57,6563100,476.57
GOOG,10/27/2006,483.9,485.24,472.49,475.2,6604000,475.2
GOOG,10/26/2006,487.68,491.96,484.2,485.1,7031700,485.1
GOOG,10/25/2006,477.49,488.5,475.11,486.6,9187500,486.6
GOOG,10/24/2006,476.28,477.86,471.41,473.31,8660200,473.31
GOOG,10/23/2006,462.28,484.64,460.37,480.78,15104500,480.78
GOOG,10/20/2006,458.99,460.1,453.59,459.67,11647900,459.67
GOOG,10/19/2006,420.23,429.5,419.57,426.06,11503500,426.06
GOOG,10/18/2006,422.99,424.75,417.5,419.31,6017300,419.31
GOOG,10/17/2006,420.3,423.75,416.7,420.64,5211000,420.64
GOOG,10/16/2006,427.7,429.2,421.34,421.75,4319400,421.75
GOOG,10/13/2006,427.76,429.5,425.56,427.3,3622500,427.3
GOOG,10/12/2006,428.56,429.68,424,427.44,4844000,427.44
GOOG,10/11/2006,425.02,429.91,423.76,426.5,5635400,426.5
GOOG,10/10/2006,431.56,437.85,422.39,426.65,9788600,426.65
GOOG,10/9/2006,424.8,431.95,423.42,429,7583300,429
GOOG,10/6/2006,410.22,421.91,409.75,420.5,7336500,420.5
GOOG,10/5/2006,414.7,418.24,410.86,411.81,5789800,411.81
GOOG,10/4/2006,404.97,415.77,403.05,415.7,6661800,415.7
GOOG,10/3/2006,401.29,406.46,398.19,404.04,5464700,404.04
GOOG,10/2/2006,401.9,406,400.8,401.44,3651900,401.44
GOOG,9/29/2006,405.13,405.62,401.41,401.9,3310900,401.9
GOOG,9/28/2006,404.08,406.98,400.54,403.58,5107400,403.58
GOOG,9/27/2006,406.3,411.22,402.37,402.92,5876700,402.92
GOOG,9/26/2006,405.5,407.68,401.77,406.87,5289400,406.87
GOOG,9/25/2006,405.58,409.45,402.5,403.98,5737300,403.98
GOOG,9/22/2006,404.98,407.45,401.36,403.78,4649600,403.78
GOOG,9/21/2006,400.3,408.45,399.86,406.85,10692100,406.85
GOOG,9/20/2006,407.1,407.39,394.62,397,9147800,397
GOOG,9/19/2006,415.46,415.49,392.74,403.81,14292900,403.81
GOOG,9/18/2006,410,418.69,409.47,414.69,7106700,414.69
GOOG,9/15/2006,407.48,410.05,406.74,409.88,7838200,409.88
GOOG,9/14/2006,404.3,406.28,401.93,403.98,5366100,403.98
GOOG,9/13/2006,395.15,406.76,395.1,406.57,9768200,406.57
GOOG,9/12/2006,385,392.73,384.88,391.9,5442200,391.9
GOOG,9/11/2006,378.26,384.69,377.77,384.09,4529200,384.09
GOOG,9/8/2006,376.72,380.79,376.72,377.85,3083400,377.85
GOOG,9/7/2006,379.39,381.75,377.4,378.49,3842000,378.49
GOOG,9/6/2006,382.1,383.19,379.66,380.14,3724100,380.14
GOOG,9/5/2006,379.87,385.4,377.44,384.36,4074300,384.36
GOOG,9/1/2006,380.99,381.28,377.19,378.6,2672900,378.6
GOOG,8/31/2006,381.49,382.15,378.2,378.53,2959900,378.53
GOOG,8/30/2006,379.21,384.65,378.51,380.75,4044400,380.75
GOOG,8/29/2006,380.78,382.32,377.2,378.95,4460000,378.95
GOOG,8/28/2006,375.61,380.95,375,380.95,4164000,380.95
GOOG,8/25/2006,373.08,375.32,372.5,373.26,2466700,373.26
GOOG,8/24/2006,374.44,376.4,372.26,373.73,3482500,373.73
GOOG,8/23/2006,377.64,378.27,372.66,373.43,3642300,373.43
GOOG,8/22/2006,377.73,379.26,374.84,378.29,4164100,378.29
GOOG,8/21/2006,378.1,379,375.22,377.3,4023300,377.3
GOOG,8/18/2006,386.31,387.09,380.75,383.36,4952200,383.36
GOOG,8/17/2006,386.39,390,383.92,385.8,5080200,385.8
GOOG,8/16/2006,383.48,388.45,382.12,387.72,5853200,387.72
GOOG,8/15/2006,374.11,381.67,372.6,380.97,6698200,380.97
GOOG,8/14/2006,371.5,375.13,368.67,369.43,4968300,369.43
GOOG,8/11/2006,374.4,375.28,368,368.5,3766500,368.5
GOOG,8/10/2006,373.88,377.67,372.46,374.2,4261900,374.2
GOOG,8/9/2006,382.8,384.68,376.36,376.94,4311000,376.94
GOOG,8/8/2006,382.82,384.5,379.09,381,5743200,381
GOOG,8/7/2006,371.5,379.73,371.15,377.95,3946900,377.95
GOOG,8/4/2006,379.56,380.68,371.75,373.85,5095200,373.85
GOOG,8/3/2006,364.98,377.91,363.36,375.39,6327000,375.39
GOOG,8/2/2006,375.6,377.17,365.2,367.23,7097800,367.23
GOOG,8/1/2006,385.11,385.77,375.51,375.51,5463200,375.51
GOOG,7/31/2006,388,389.17,383.31,386.6,4595300,386.6
GOOG,7/28/2006,382,389.56,381.73,388.12,4083600,388.12
GOOG,7/27/2006,387.37,387.49,377.95,382.4,5641100,382.4
GOOG,7/26/2006,388.2,391.91,383,385.5,5531900,385.5
GOOG,7/25/2006,385.02,391.31,383.8,389.36,5761100,389.36
GOOG,7/24/2006,392.82,393.89,381.21,390.9,8086100,390.9
GOOG,7/21/2006,386.14,391.75,377.69,390.11,11754600,390.11
GOOG,7/20/2006,404.28,404.44,385.66,387.12,12538700,387.12
GOOG,7/19/2006,395.01,401.14,394.66,399,8518500,399
GOOG,7/18/2006,409.75,410.57,397.74,403.05,8536800,403.05
GOOG,7/17/2006,404.63,411,403.72,407.89,5811900,407.89
GOOG,7/14/2006,410.33,411.49,398.61,403.5,7552100,403.5
GOOG,7/13/2006,414,418.34,406.83,408.83,6924500,408.83
GOOG,7/12/2006,422.09,422.74,416.73,417.25,4906700,417.25
GOOG,7/11/2006,418.51,425.05,413.03,424.56,5971300,424.56
GOOG,7/10/2006,423.44,425.23,416.38,418.2,4436400,418.2
GOOG,7/7/2006,426.05,427.89,415.88,420.45,6041900,420.45
GOOG,7/6/2006,423.38,425.38,421.98,423.19,3687100,423.19
GOOG,7/5/2006,421.52,422.8,415.64,421.46,4985600,421.46
GOOG,7/3/2006,420.04,423.77,419.45,423.2,2156700,423.2
GOOG,6/30/2006,415.6,419.33,412.33,419.33,6258000,419.33
GOOG,6/29/2006,407.99,418.2,405.82,417.81,6658200,417.81
GOOG,6/28/2006,404.01,406.48,401.13,406.11,3710500,406.11
GOOG,6/27/2006,405.71,408,401.01,402.32,4107100,402.32
GOOG,6/26/2006,406.75,408.3,403.25,404.22,3551200,404.22
GOOG,6/23/2006,402.76,409.75,400.74,404.86,5314800,404.86
GOOG,6/22/2006,401.58,406,388,399.95,5911900,399.95
GOOG,6/21/2006,391.06,404,389.75,402.13,8744400,402.13
GOOG,6/20/2006,388.03,391.87,386.51,387.17,4039900,387.17
GOOG,6/19/2006,390.85,394.8,386.98,388.14,7633100,388.14
GOOG,6/16/2006,389.1,390.93,388,390.7,5304600,390.7
GOOG,6/15/2006,386.62,392.25,383,391,6785700,391
GOOG,6/14/2006,389.83,391.1,378.52,384.39,7772000,384.39
GOOG,6/13/2006,380.9,387,378.12,386.52,7659100,386.52
GOOG,6/12/2006,388.34,390.49,381,381.54,5019100,381.54
GOOG,6/9/2006,392.19,395.43,385.35,386.57,6157500,386.57
GOOG,6/8/2006,387.75,394.27,378.59,393.3,10359500,393.3
GOOG,6/7/2006,393.24,394.86,386.5,386.51,8911300,386.51
GOOG,6/6/2006,376.58,390,376.3,389.99,10259800,389.99
GOOG,6/5/2006,376.18,381.45,374.15,374.44,5558500,374.44
GOOG,6/2/2006,386.84,387.08,377.45,379.44,6386400,379.44
GOOG,6/1/2006,373.54,382.99,371.6,382.62,6278000,382.62
GOOG,5/31/2006,373.8,378.25,366.78,371.82,7981300,371.82
GOOG,5/30/2006,378.28,381,371.45,371.94,4316000,371.94
GOOG,5/26/2006,384.55,385.88,380.03,381.35,3667000,381.35
GOOG,5/25/2006,379.08,383,372.31,382.99,8194600,382.99
GOOG,5/24/2006,377.35,383.44,371.61,381.25,9553800,381.25
GOOG,5/23/2006,374.21,383.88,373.56,375.58,8983000,375.58
GOOG,5/22/2006,367.85,373.03,365.25,370.95,8604400,370.95
GOOG,5/19/2006,373.28,374.5,360.57,370.02,11398200,370.02
GOOG,5/18/2006,378.78,381.81,370.71,370.99,5835000,370.99
GOOG,5/17/2006,370.61,379.84,370.22,374.5,10643800,374.5
GOOG,5/16/2006,375.99,376.86,369.89,371.3,6491100,371.3
GOOG,5/15/2006,375.93,380.15,368.25,376.2,8590100,376.2
GOOG,5/12/2006,383.54,384.87,373.55,374.13,10087600,374.13
GOOG,5/11/2006,403.42,404.71,384.98,387,8892800,387
GOOG,5/10/2006,408.31,411.71,401.86,402.98,6187200,402.98
GOOG,5/9/2006,395.7,409,393.75,408.8,9140600,408.8
GOOG,5/8/2006,395.11,397.12,390.05,394.78,5118600,394.78
GOOG,5/5/2006,397.6,400.68,391.78,394.3,6065000,394.3
GOOG,5/4/2006,395.03,398.87,392.21,394.75,4652000,394.75
GOOG,5/3/2006,396.35,401.5,390.88,394.17,8072200,394.17
GOOG,5/2/2006,401.08,402.49,388.4,394.8,13104300,394.8
GOOG,5/1/2006,418.47,419.44,398.55,398.9,10361200,398.9
GOOG,4/28/2006,418.63,425.73,416.3,417.94,7421300,417.94
GOOG,4/27/2006,422.91,426.91,419.39,420.03,8337900,420.03
GOOG,4/26/2006,427.74,430.04,423.53,425.97,7277800,425.97
GOOG,4/25/2006,439.63,441.04,426,427.16,9569000,427.16
GOOG,4/24/2006,439.4,444.7,436.52,440.5,8836400,440.5
GOOG,4/21/2006,448.9,450.72,436.17,437.1,22551300,437.1
GOOG,4/20/2006,411.01,416,408.2,415,12271500,415
GOOG,4/19/2006,412.57,413.64,406.73,410.5,6781700,410.5
GOOG,4/18/2006,407.93,409.83,401.5,404.24,8137600,404.24
GOOG,4/17/2006,403.45,412.5,400.84,406.82,8259500,406.82
GOOG,4/13/2006,408.63,409.76,400.5,402.16,6552900,402.16
GOOG,4/12/2006,409,411.33,405.19,408.95,6017000,408.95
GOOG,4/11/2006,416.42,419.1,406.22,409.66,11107200,409.66
GOOG,4/10/2006,407.08,417.17,405.25,416.38,9320100,416.38
GOOG,4/7/2006,412.41,412.85,404.02,406.16,7025900,406.16
GOOG,4/6/2006,406.49,413.89,405.43,411.18,8598500,411.18
GOOG,4/5/2006,408.2,414.57,402.82,407.99,13410500,407.99
GOOG,4/4/2006,389.9,404.9,388.14,404.34,15715700,404.34
GOOG,4/3/2006,389.53,392.47,387.93,389.7,8122700,389.7
GOOG,3/31/2006,388.74,391.87,384.03,390,36521400,390
GOOG,3/30/2006,389.19,393.5,383.61,388.44,14711700,388.44
GOOG,3/29/2006,379.94,399,379.51,394.98,19027500,394.98
GOOG,3/28/2006,371.71,377.86,371.17,377.2,8945800,377.2
GOOG,3/27/2006,367.09,371.71,365,369.69,7023700,369.69
GOOG,3/24/2006,368.62,370.09,362.51,365.8,15180600,365.8
GOOG,3/23/2006,342.35,345.75,340.2,341.89,7434700,341.89
GOOG,3/22/2006,339.75,344.1,337.5,340.22,7596000,340.22
GOOG,3/21/2006,350.01,351.66,339.08,339.92,9831100,339.92
GOOG,3/20/2006,342.34,350.09,341.54,348.19,10407600,348.19
GOOG,3/17/2006,338.8,341.78,334.93,339.79,8551700,339.79
GOOG,3/16/2006,348.61,348.75,337.9,338.77,10016700,338.77
GOOG,3/15/2006,350.77,352.3,340.53,344.5,12768800,344.5
GOOG,3/14/2006,337.14,352.37,332.62,351.16,18450700,351.16
GOOG,3/13/2006,340.93,346.1,335.45,337.06,13642400,337.06
GOOG,3/10/2006,343.5,344.5,331.55,337.5,19325600,337.5
GOOG,3/9/2006,355.39,358.53,341.5,343,13910400,343
GOOG,3/8/2006,353.93,360.03,350.54,353.88,11745600,353.88
GOOG,3/7/2006,365.02,368.45,358.15,364.45,10378800,364.45
GOOG,3/6/2006,380.91,383.4,367.14,368.1,8939700,368.1
GOOG,3/3/2006,384.3,387.24,375.76,378.18,11962000,378.18
GOOG,3/2/2006,364.28,381.1,362.2,376.45,18330300,376.45
GOOG,3/1/2006,368.56,369.45,361.3,364.8,12061200,364.8
GOOG,2/28/2006,393.2,397.54,338.51,362.62,39437600,362.62
GOOG,2/27/2006,381.27,391.7,380.28,390.38,10212200,390.38
GOOG,2/24/2006,377.3,380.07,373.49,377.4,6484300,377.4
GOOG,2/23/2006,365.61,381.24,365.39,378.07,12551600,378.07
GOOG,2/22/2006,367.15,368.95,363.86,365.49,6476200,365.49
GOOG,2/21/2006,366.44,373.54,365.11,366.59,8686000,366.59
GOOG,2/17/2006,369.86,372.14,363.62,368.75,14320200,368.75
GOOG,2/16/2006,345.67,367,344.49,366.46,21315500,366.46
GOOG,2/15/2006,341.27,346,337.83,342.38,12947000,342.38
GOOG,2/14/2006,345.33,351.69,342.4,343.32,14654000,343.32
GOOG,2/13/2006,346.64,350.6,341.89,345.7,19717800,345.7
GOOG,2/10/2006,361.95,364.5,353.14,362.61,15223500,362.61
GOOG,2/9/2006,371.2,374.4,356.11,358.77,11912400,358.77
GOOG,2/8/2006,368.48,370.69,354.67,369.08,20804100,369.08
GOOG,2/7/2006,382.99,383.7,363.35,367.92,16630200,367.92
GOOG,2/6/2006,385.31,389.9,379.56,385.1,8940400,385.1
GOOG,2/3/2006,393.62,393.9,372.57,381.55,18281800,381.55
GOOG,2/2/2006,403.82,406.5,395.98,396.04,11807700,396.04
GOOG,2/1/2006,389.03,402,387.52,401.78,27122500,401.78
GOOG,1/31/2006,430.57,439.6,423.97,432.66,22066000,432.66
GOOG,1/30/2006,429.23,433.28,425,426.82,8588900,426.82
GOOG,1/27/2006,435,438.22,428.98,433.49,8452200,433.49
GOOG,1/26/2006,439.54,439.99,423.56,434.27,12926100,434.27
GOOG,1/25/2006,451.26,454.23,429.22,433,18739800,433
GOOG,1/24/2006,436.03,444.95,434.48,443.03,15464600,443.03
GOOG,1/23/2006,407.38,428.39,405.73,427.5,22741400,427.5
GOOG,1/20/2006,438.7,440.03,394.74,399.46,41116700,399.46
GOOG,1/19/2006,451.17,453.49,433,436.45,14537300,436.45
GOOG,1/18/2006,447.3,457.36,443.25,444.91,20485700,444.91
GOOG,1/17/2006,463.06,469.9,462.53,467.11,8270300,467.11
GOOG,1/13/2006,464.31,466.89,461.61,466.25,7656600,466.25
GOOG,1/12/2006,473.72,474.99,461.5,463.63,10125300,463.63
GOOG,1/11/2006,471.27,475.11,469.18,471.63,9007400,471.63
GOOG,1/10/2006,464.42,470.25,462.04,469.76,9097100,469.76
GOOG,1/9/2006,466.41,473.4,460.94,466.9,12791900,466.9
GOOG,1/6/2006,456.87,470.5,453.24,465.66,17756900,465.66
GOOG,1/5/2006,446,451.55,441.5,451.24,10808300,451.24
GOOG,1/4/2006,443.9,448.96,439.75,445.24,15286400,445.24
GOOG,1/3/2006,422.52,435.67,418.22,435.23,13121200,435.23
GOOG,12/30/2005,417.27,418.21,413.74,414.86,7587100,414.86
GOOG,12/29/2005,427.98,428.73,419.17,420.15,6945800,420.15
GOOG,12/28/2005,424.34,427.78,421.26,426.69,7117900,426.69
GOOG,12/27/2005,431.86,431.86,422.76,424.64,6702800,424.64
GOOG,12/23/2005,432.15,432.5,428.78,430.93,4595100,430.93
GOOG,12/22/2005,431.77,432.86,425.93,432.04,7546600,432.04
GOOG,12/21/2005,433.55,436.86,420.71,426.33,11221900,426.33
GOOG,12/20/2005,427.86,432.2,424.67,429.74,10084700,429.74
GOOG,12/19/2005,432.2,446.21,420.11,424.6,21936800,424.6
GOOG,12/16/2005,425.34,432.5,422.75,430.15,16330500,430.15
GOOG,12/15/2005,419.11,423.14,416.5,422.55,6045800,422.55
GOOG,12/14/2005,417.04,419.73,415.49,418.96,6630400,418.96
GOOG,12/13/2005,412.5,418,411.64,417.49,8157000,417.49
GOOG,12/12/2005,414.63,415.21,409.95,412.61,6950100,412.61
GOOG,12/9/2005,415,415.78,408.56,409.2,7643400,409.2
GOOG,12/8/2005,405.3,410.65,402.64,410.65,8910100,410.65
GOOG,12/7/2005,406.16,406.7,399.01,404.22,11665900,404.22
GOOG,12/6/2005,408.7,416.41,401.7,404.54,15114700,404.54
GOOG,12/5/2005,417,417.5,404.28,405.85,10289400,405.85
GOOG,12/2/2005,416.94,419.53,413.86,417.7,7543500,417.7
GOOG,12/1/2005,409.2,415.44,408.29,414.09,9744900,414.09
GOOG,11/30/2005,404.26,408.45,395.56,404.91,15596600,404.91
GOOG,11/29/2005,424.46,426.4,402.14,403.54,21495800,403.54
GOOG,11/28/2005,429.82,431.24,422.44,423.48,11008400,423.48
GOOG,11/25/2005,425.78,428.75,425.3,428.62,4840100,428.62
GOOG,11/23/2005,417.04,424.72,415.78,422.86,10085000,422.86
GOOG,11/22/2005,408.65,417.31,406.23,416.47,9596000,416.47
GOOG,11/21/2005,399.17,409.98,393.49,409.36,10335100,409.36
GOOG,11/18/2005,403.49,404.5,399.85,400.21,7025700,400.21
GOOG,11/17/2005,401.8,403.81,399.53,403.45,9212200,403.45
GOOG,11/16/2005,396.2,398.85,394.11,398.15,8695200,398.15
GOOG,11/15/2005,394.38,397,390.95,392.8,8624900,392.8
GOOG,11/14/2005,392.12,398.22,391.53,396.97,7807900,396.97
GOOG,11/11/2005,395.12,396.9,388.85,390.4,7063900,390.4
GOOG,11/10/2005,378.36,391.35,377.43,391.1,9128700,391.1
GOOG,11/9/2005,386.67,388.29,378.03,379.15,10466900,379.15
GOOG,11/8/2005,394.25,395.59,388.58,389.9,7897500,389.9
GOOG,11/7/2005,395.1,397.47,392.15,395.03,9591500,395.03
GOOG,11/4/2005,389.98,391.79,385.45,390.43,8824900,390.43
GOOG,11/3/2005,382.41,386.58,381.38,385.95,7448400,385.95
GOOG,11/2/2005,381.7,385,377.17,379.68,10565400,379.68
GOOG,11/1/2005,371.86,383.9,369.01,379.38,16356100,379.38
GOOG,10/31/2005,360.24,374.75,359.51,372.14,14342900,372.14
GOOG,10/28/2005,355.27,358.95,355.02,358.17,5903500,358.17
GOOG,10/27/2005,356.6,357.09,351.68,353.06,5134400,353.06
GOOG,10/26/2005,346.28,356,346.19,355.44,8907500,355.44
GOOG,10/25/2005,345.78,347.4,342.86,346.91,6878300,346.91
GOOG,10/24/2005,343.37,349.3,342.19,348.65,9431700,348.65
GOOG,10/21/2005,345.8,346.43,333,339.9,22892400,339.9
GOOG,10/20/2005,309.99,311.13,301.21,303.2,13911700,303.2
GOOG,10/19/2005,304,309.87,303.96,308.7,7010700,308.7
GOOG,10/18/2005,304.96,307.96,302.74,303.28,7077800,303.28
GOOG,10/17/2005,297.5,305.2,294.56,305,7566700,305
GOOG,10/14/2005,299.9,300.23,292.54,296.14,8519100,296.14
GOOG,10/13/2005,302,302,290.68,297.44,10567700,297.44
GOOG,10/12/2005,305.2,307.19,299,300.97,9306200,300.97
GOOG,10/11/2005,310.61,312.65,304.86,306.1,8542600,306.1
GOOG,10/10/2005,313.31,314.82,309.15,310.65,5572200,310.65
GOOG,10/7/2005,314.79,316.67,310.54,312.99,6770300,312.99
GOOG,10/6/2005,314.14,314.48,310.09,312.75,7993800,312.75
GOOG,10/5/2005,312.69,314.9,308,310.71,8328400,310.71
GOOG,10/4/2005,319.95,321.28,310.74,311,9144300,311
GOOG,10/3/2005,313.63,320.11,312.79,318.68,9160300,318.68
GOOG,9/30/2005,314.22,317.5,312.29,316.46,9151300,316.46
GOOG,9/29/2005,306.68,310.72,306.08,309.62,5613800,309.62
GOOG,9/28/2005,314.22,315.1,305.6,306,7997400,306
GOOG,9/27/2005,314.95,318.41,313.38,313.94,6873100,313.94
GOOG,9/26/2005,319.5,320.95,312.56,314.28,9894400,314.28
GOOG,9/23/2005,313,317.21,312.59,315.36,8483800,315.36
GOOG,9/22/2005,311.5,319.22,310.17,311.37,13006400,311.37
GOOG,9/21/2005,308.41,313.76,305.96,311.9,10119700,311.9
GOOG,9/20/2005,306.15,311.3,305.23,307.91,9351000,307.91
GOOG,9/19/2005,301,306,300.71,303.79,5761900,303.79
GOOG,9/16/2005,304.02,304.5,299.87,300.2,7579800,300.2
GOOG,9/15/2005,299.52,306.75,297.91,302.62,15466200,302.62
GOOG,9/14/2005,308.73,313.28,300.3,303,11275800,303
GOOG,9/13/2005,309,315.53,306.17,311.68,10299900,311.68
GOOG,9/12/2005,301.75,311.42,301,309.74,10386500,309.74
GOOG,9/9/2005,297.28,299.1,296.56,299.09,4390500,299.09
GOOG,9/8/2005,294.83,299.28,293.36,295.39,6613300,295.39
GOOG,9/7/2005,285.89,295.5,285.28,294.87,7499500,294.87
GOOG,9/6/2005,289,289.39,286.8,287.11,4212300,287.11
GOOG,9/2/2005,286.51,289.99,286.44,288.45,3434500,288.45
GOOG,9/1/2005,285.91,287.5,285,286.25,2742100,286.25
GOOG,8/31/2005,288.23,288.5,284.36,286,5034000,286
GOOG,8/30/2005,287.39,289.51,285.88,287.27,4792000,287.27
GOOG,8/29/2005,282.24,289.12,282.24,288.45,5903000,288.45
GOOG,8/26/2005,283.48,285.02,282.66,283.58,3755300,283.58
GOOG,8/25/2005,282.55,284,279.97,282.59,4376600,282.59
GOOG,8/24/2005,277.57,284.75,276.45,282.57,8593100,282.57
GOOG,8/23/2005,276.16,279.74,274.12,279.58,5821700,279.58
GOOG,8/22/2005,281.24,281.47,273.35,274.01,6813000,274.01
GOOG,8/19/2005,280.99,281.45,279.62,280,5542900,280
GOOG,8/18/2005,275.91,280.5,275,279.99,11872800,279.99
GOOG,8/17/2005,285.51,286.57,284,285.1,3883300,285.1
GOOG,8/16/2005,284.88,287.79,283.34,285.65,7109200,285.65
GOOG,8/15/2005,289.8,292.77,283.77,284,8174700,284
GOOG,8/12/2005,283.36,290.2,281.64,289.72,6585900,289.72
GOOG,8/11/2005,285.89,286.58,280.62,284.05,7514900,284.05
GOOG,8/10/2005,291.3,292.33,284.88,285.68,6879000,285.68
GOOG,8/9/2005,291.96,292.68,288.51,291.57,5779300,291.57
GOOG,8/8/2005,293.6,295.65,290.49,291.25,4481800,291.25
GOOG,8/5/2005,297.5,298.51,291.31,292.35,5939700,292.35
GOOG,8/4/2005,295.55,299,295.25,297.73,5236500,297.73
GOOG,8/3/2005,298,299.72,295.6,297.3,5930600,297.3
GOOG,8/2/2005,291.6,299.52,291.12,299.19,7290200,299.19
GOOG,8/1/2005,288.12,292.5,288.1,291.61,5662400,291.61
GOOG,7/29/2005,292.14,292.84,286.99,287.76,8363300,287.76
GOOG,7/28/2005,297.41,297.41,293.28,293.5,5925600,293.5
GOOG,7/27/2005,297.74,298.23,292.4,296.93,7217900,296.93
GOOG,7/26/2005,295.01,298,292.09,296.09,9816900,296.09
GOOG,7/25/2005,302.39,303.29,294.96,295.85,9658800,295.85
GOOG,7/22/2005,306.37,309.25,296.33,302.4,23386800,302.4
GOOG,7/21/2005,314.05,317.8,311.21,313.94,19789400,313.94
GOOG,7/20/2005,305.57,312.61,301.8,312,14310400,312
GOOG,7/19/2005,302.1,310.35,301.8,309.9,12621400,309.9
GOOG,7/18/2005,300,301.9,297.75,299.54,6207800,299.54
GOOG,7/15/2005,301.24,303.4,299.78,301.19,8438400,301.19
GOOG,7/14/2005,305.34,306.75,300.07,300.89,10667700,300.89
GOOG,7/13/2005,292.51,299.24,292.1,298.86,11437900,298.86
GOOG,7/12/2005,293.39,294.4,290.93,291.78,5864900,291.78
GOOG,7/11/2005,296.4,296.6,291.02,293.35,8390300,293.35
GOOG,7/8/2005,296.25,297.5,294.05,296.23,7457600,296.23
GOOG,7/7/2005,289.39,295.8,288.51,295.54,10672100,295.54
GOOG,7/6/2005,297.3,297.6,291.38,291.52,8000300,291.52
GOOG,7/5/2005,292.1,295.98,290.23,295.71,7494000,295.71
GOOG,7/1/2005,295.04,296.24,289.22,291.25,9227600,291.25
GOOG,6/30/2005,294.34,298.93,291.04,294.15,15094400,294.15
GOOG,6/29/2005,302.5,304.38,292.15,292.72,18298700,292.72
GOOG,6/28/2005,306.28,309.25,302,302,19036500,302
GOOG,6/27/2005,298.9,304.47,293.86,304.1,17802900,304.1
GOOG,6/24/2005,290.9,298,289.58,297.25,17771200,297.25
GOOG,6/23/2005,288,294.81,286.5,289.71,14056400,289.71
GOOG,6/22/2005,289.67,292.32,288.67,289.3,10474000,289.3
GOOG,6/21/2005,288.07,290.3,284.97,287.84,15132300,287.84
GOOG,6/20/2005,276.09,287.67,271.73,286.7,21024700,286.7
GOOG,6/17/2005,279,280.3,275.9,280.3,10434400,280.3
GOOG,6/16/2005,274.26,278.3,273.07,277.44,12462400,277.44
GOOG,6/15/2005,275,277.3,267.43,274.8,20883100,274.8
GOOG,6/14/2005,278.59,281.24,277.75,278.35,10091900,278.35
GOOG,6/13/2005,279.82,284.19,276.52,282.75,12803200,282.75
GOOG,6/10/2005,286.99,287.28,280.02,282.5,12696600,282.5
GOOG,6/9/2005,284.72,288.5,280.56,286.31,16441100,286.31
GOOG,6/8/2005,292.85,293.19,278,279.56,25700900,279.56
GOOG,6/7/2005,297.1,299.59,290.3,293.12,24323000,293.12
GOOG,6/6/2005,282.39,293.75,281.83,290.94,22525900,290.94
GOOG,6/3/2005,286.79,289.3,277.41,280.26,18782300,280.26
GOOG,6/2/2005,288.73,289.78,284.6,287.9,17974100,287.9
GOOG,6/1/2005,283.2,292.89,282.02,288,35191700,288
GOOG,5/31/2005,269.43,278.4,269.37,277.27,22236800,277.27
GOOG,5/27/2005,260.46,266.05,259.25,266,12184100,266
GOOG,5/26/2005,260.96,263.76,258.3,259.2,13546600,259.2
GOOG,5/25/2005,252.73,260.98,250.63,260.81,18057900,260.81
GOOG,5/24/2005,256.96,265.44,253.5,256,29043100,256
GOOG,5/23/2005,243.16,258.1,242.71,255.45,21388300,255.45
GOOG,5/20/2005,241.21,241.67,239.65,241.61,8163500,241.61
GOOG,5/19/2005,240.34,241.17,238.27,239.18,9716500,239.18
GOOG,5/18/2005,233.61,239.97,233.52,239.16,12312000,239.16
GOOG,5/17/2005,230.56,233.45,230.2,233.13,7808900,233.13
GOOG,5/16/2005,229.68,231.62,228.57,231.05,5681400,231.05
GOOG,5/13/2005,229.18,231.09,227.32,229.24,7415500,229.24
GOOG,5/12/2005,230.81,232.23,228.2,228.72,8948200,228.72
GOOG,5/11/2005,228.97,231.98,227.93,231.29,11478800,231.29
GOOG,5/10/2005,225.47,227.8,224.72,227.8,6345800,227.8
GOOG,5/9/2005,228,228.5,225.43,226.02,5536800,226.02
GOOG,5/6/2005,228.4,229.25,226.47,228.02,6763900,228.02
GOOG,5/5/2005,228.62,228.62,225.88,226.98,7509600,226.98
GOOG,5/4/2005,227.23,229.88,227,228.5,12083500,228.5
GOOG,5/3/2005,221.85,228.15,221.32,226.19,17780200,226.19
GOOG,5/2/2005,222.05,223.7,220.21,222.29,9767400,222.29
GOOG,4/29/2005,221.91,222.25,217.82,220,9170200,220
GOOG,4/28/2005,219.5,222.08,217.71,219.45,8682800,219.45
GOOG,4/27/2005,217.99,220.85,216.74,219.78,10264800,219.78
GOOG,4/26/2005,220.22,222,218.29,218.75,17272000,218.75
GOOG,4/25/2005,217.82,224.74,217.52,223.53,19840000,223.53
GOOG,4/22/2005,222.9,224,214.26,215.81,33205100,215.81
GOOG,4/21/2005,200.42,205,199.32,204.22,17751900,204.22
GOOG,4/20/2005,198.58,200.5,195.91,198.1,15451500,198.1
GOOG,4/19/2005,189.33,192,188.03,191.4,8430000,191.4
GOOG,4/18/2005,184.58,187.88,183.49,186.97,6550300,186.97
GOOG,4/15/2005,190.1,190.34,184.66,185,11577400,185
GOOG,4/14/2005,193.27,194.36,190.1,191.45,6152700,191.45
GOOG,4/13/2005,193.47,194.32,189.73,192.93,6555800,192.93
GOOG,4/12/2005,193,194.42,189.41,193.96,7319600,193.96
GOOG,4/11/2005,193.09,194.8,192.32,193.23,5410500,193.23
GOOG,4/8/2005,193.69,195.1,191.45,192.05,5116600,192.05
